,Participant,Group,window,report,MW,MSD
0,11003,B,5,probe,f,0.014903832678058108
1,11003,B,5,probe,a,0.015599617903544504
2,11003,B,5,probe,a,0.0197446229385408
3,11003,B,5,probe,a,0.015610691691067581
4,11003,B,5,probe,a,0.022769880384732755
5,11003,B,5,probe,u,0.024305519587948504
6,11003,B,10,probe,f,0.021868105998438834
7,11003,B,10,probe,a,0.01687369976766647
8,11003,B,10,probe,a,0.01623384271310929
9,11003,B,10,probe,a,0.023343520380649064
10,11003,B,10,probe,a,0.018548031315516952
11,11003,B,10,probe,u,0.022779555991905148
12,11003,B,15,probe,f,0.018997545600937617
13,11003,B,15,probe,a,0.017145992374835845
14,11003,B,15,probe,a,0.018692549620680343
15,11003,B,15,probe,a,0.023312243937923974
16,11003,B,15,probe,a,0.018664952254949962
17,11003,B,15,probe,u,0.021792865629373475
18,11003,B,20,probe,f,0.0183892791041837
19,11003,B,20,probe,a,0.017954884008994296
20,11003,B,20,probe,a,0.018864417371177725
21,11003,B,20,probe,a,0.021860629405904525
22,11003,B,20,probe,a,0.01636595416692399
23,11003,B,20,probe,u,0.02465998666244105
24,11003,B,25,probe,f,0.017747280781906138
25,11003,B,25,probe,a,0.017431475788836175
26,11003,B,25,probe,a,0.01757720914415205
27,11003,B,25,probe,a,0.02145198939327024
28,11003,B,25,probe,a,0.015811455716718173
29,11003,B,25,probe,u,0.025688483915345523
30,11003,B,30,probe,f,0.01649330477647932
31,11003,B,30,probe,a,0.016936514087275808
32,11003,B,30,probe,a,0.01778502903602526
33,11003,B,30,probe,a,0.02029051091509661
34,11003,B,30,probe,a,0.016667191512639276
35,11003,B,30,probe,u,0.02347072795732494
36,13604,B,5,probe,a,0.017256179563124387
37,13604,B,5,probe,f,0.013261705894763776
38,13604,B,5,probe,f,0.008239968139983683
39,13604,B,5,probe,a,0.015092889688926938
40,13604,B,5,probe,u,0.014336127834920566
41,13604,B,5,probe,a,0.009579359176301459
42,13604,B,10,probe,a,0.01579939189942052
43,13604,B,10,probe,f,0.014179489291107572
44,13604,B,10,probe,f,0.011209340422058208
45,13604,B,10,probe,a,0.013879158398963316
46,13604,B,10,probe,u,0.016948968840245788
47,13604,B,10,probe,a,0.014326320034785383
48,13604,B,15,probe,a,0.017189997893435872
49,13604,B,15,probe,f,0.01589677608115607
50,13604,B,15,probe,f,0.013610597782162098
51,13604,B,15,probe,a,0.013898293425631888
52,13604,B,15,probe,u,0.018444350563645434
53,13604,B,15,probe,a,0.017171338411509383
54,13604,B,20,probe,a,0.018017949441040848
55,13604,B,20,probe,f,0.014550762325238458
56,13604,B,20,probe,f,0.013360590803012823
57,13604,B,20,probe,a,0.015433027112179672
58,13604,B,20,probe,u,0.01717616299293855
59,13604,B,20,probe,a,0.01555817019306707
60,13604,B,25,probe,a,0.016526265559089086
61,13604,B,25,probe,f,0.013591254398891544
62,13604,B,25,probe,f,0.0129039561922783
63,13604,B,25,probe,a,0.015469212763399699
64,13604,B,25,probe,u,0.016546520624526346
65,13604,B,25,probe,a,0.015599802492096474
66,13604,B,30,probe,a,0.015390231068127347
67,13604,B,30,probe,f,0.014926775310446375
68,13604,B,30,probe,f,0.011989100844382941
69,13604,B,30,probe,a,0.014336880361362788
70,13604,B,30,probe,u,0.016296467444338446
71,13604,B,30,probe,a,0.017394953972906323
72,15496,A,5,probe,u,0.02379915142934152
73,15496,A,5,probe,a,0.019943082273457254
74,15496,A,5,probe,a,0.025116344732714846
75,15496,A,5,probe,a,0.022860333003583345
76,15496,A,5,probe,a,0.013846130182057548
77,15496,A,5,probe,f,0.027962694217495178
78,15496,A,10,probe,u,0.028176777713845223
79,15496,A,10,probe,a,0.023358742424265666
80,15496,A,10,probe,a,0.02150290361853991
81,15496,A,10,probe,a,0.022049098682448486
82,15496,A,10,probe,a,0.021201604005444442
83,15496,A,10,probe,f,0.024756964746184926
84,15496,A,15,probe,u,0.028876448333339494
85,15496,A,15,probe,a,0.02231123978863056
86,15496,A,15,probe,a,0.0198051651745223
87,15496,A,15,probe,a,0.021473512476908575
88,15496,A,15,probe,a,0.019190995360741987
89,15496,A,15,probe,f,0.0218969648567146
90,15496,A,20,probe,u,0.026682898617915677
91,15496,A,20,probe,a,0.021160997493975334
92,15496,A,20,probe,a,0.01912431736256852
93,15496,A,20,probe,a,0.021422009339221296
94,15496,A,20,probe,a,0.018123875340590075
95,15496,A,20,probe,f,0.020563552113138366
96,15496,A,25,probe,u,0.02424473086992797
97,15496,A,25,probe,a,0.021907344747801424
98,15496,A,25,probe,a,0.029003998679842668
99,15496,A,25,probe,a,0.020156562219721025
100,15496,A,25,probe,a,0.02053306558690462
101,15496,A,25,probe,f,0.020975161926920186
102,15496,A,30,probe,u,0.02466870189336256
103,15496,A,30,probe,a,0.02079037931846693
104,15496,A,30,probe,a,0.03176193887578392
105,15496,A,30,probe,a,0.019671647300237263
106,15496,A,30,probe,a,0.020106083418205193
107,15496,A,30,probe,f,0.021129026889854297
108,17431,A,5,probe,a,0.017189756636298858
109,17431,A,5,probe,f,0.023667555639972995
110,17431,A,5,probe,f,0.01942922386031276
111,17431,A,5,probe,a,0.020692462669935786
112,17431,A,5,probe,a,0.017603570377219935
113,17431,A,5,probe,u,0.017730099593495325
114,17431,A,10,probe,a,0.01336208547351571
115,17431,A,10,probe,f,0.019257321317270946
116,17431,A,10,probe,f,0.019038027365273817
117,17431,A,10,probe,a,0.021247866191503016
118,17431,A,10,probe,a,0.01527708928155962
119,17431,A,10,probe,u,0.02278808387823121
120,17431,A,15,probe,a,0.011234217468491571
121,17431,A,15,probe,f,0.019714439095297305
122,17431,A,15,probe,f,0.019604256872720858
123,17431,A,15,probe,a,0.020197356611947995
124,17431,A,15,probe,a,0.015159127266537866
125,17431,A,15,probe,u,0.021135622441628945
126,17431,A,20,probe,a,0.011866662728169929
127,17431,A,20,probe,f,0.019842477269424567
128,17431,A,20,probe,f,0.01827661372204844
129,17431,A,20,probe,a,0.01950076652392086
130,17431,A,20,probe,a,0.015484627624650095
131,17431,A,20,probe,u,0.01979212142051176
132,17431,A,25,probe,a,0.013271421821420902
133,17431,A,25,probe,f,0.019571566093768995
134,17431,A,25,probe,f,0.01841752809934594
135,17431,A,25,probe,a,0.018976343177911546
136,17431,A,25,probe,a,0.014977378800916782
137,17431,A,25,probe,u,0.018619520018654415
138,17431,A,30,probe,a,0.013733512061106637
139,17431,A,30,probe,f,0.019069929220214537
140,17431,A,30,probe,f,0.01812905139368033
141,17431,A,30,probe,a,0.019014897174019624
142,17431,A,30,probe,a,0.01682731178547793
143,17431,A,30,probe,u,0.01827715576585297
144,17713,A,5,probe,a,0.014489624502700717
145,17713,A,5,probe,f,0.01918830923515712
146,17713,A,5,probe,f,0.010907682155629265
147,17713,A,5,probe,a,0.0664453161602624
148,17713,A,5,probe,u,0.019865663768190003
149,17713,A,5,probe,f,0.009757567900313659
150,17713,A,10,probe,a,0.015288748734599655
151,17713,A,10,probe,f,0.019784915501361765
152,17713,A,10,probe,f,0.014020490965874656
153,17713,A,10,probe,a,0.03850804978334227
154,17713,A,10,probe,u,0.015451197565877694
155,17713,A,10,probe,f,0.014889855802751177
156,17713,A,15,probe,a,0.0151756735210802
157,17713,A,15,probe,f,0.020720406547936634
158,17713,A,15,probe,f,0.014713060105365574
159,17713,A,15,probe,a,0.030833768310071605
160,17713,A,15,probe,u,0.01627686810255406
161,17713,A,15,probe,f,0.017894109286809727
162,17713,A,20,probe,a,0.017092710830943415
163,17713,A,20,probe,f,0.032978214557352024
164,17713,A,20,probe,f,0.01361685876190322
165,17713,A,20,probe,a,0.02669177080376627
166,17713,A,20,probe,u,0.0152614616573059
167,17713,A,20,probe,f,0.020435914628466955
168,17713,A,25,probe,a,0.016472634899332848
169,17713,A,25,probe,f,0.032941320238674215
170,17713,A,25,probe,f,0.013012247668342691
171,17713,A,25,probe,a,0.024779579659118478
172,17713,A,25,probe,u,0.01533106380960577
173,17713,A,25,probe,f,0.020828985346028547
174,17713,A,30,probe,a,0.016525315264600247
175,17713,A,30,probe,f,0.039562662858855596
176,17713,A,30,probe,f,0.01332279820389921
177,17713,A,30,probe,a,0.022889334881082916
178,17713,A,30,probe,u,0.01562435416368546
179,17713,A,30,probe,f,0.01966525384440023
180,17996,B,5,probe,f,0.014887839875451286
181,17996,B,5,probe,a,0.041193644992847576
182,17996,B,5,probe,a,0.023555223390119704
183,17996,B,5,probe,a,0.010813485599975244
184,17996,B,5,probe,u,0.015297947765588243
185,17996,B,5,probe,u,0.025512478550801163
186,17996,B,10,probe,f,0.01811028467127704
187,17996,B,10,probe,a,0.03517075843549297
188,17996,B,10,probe,a,0.019130428200998615
189,17996,B,10,probe,a,0.01847017923778873
190,17996,B,10,probe,u,0.01954263785039594
191,17996,B,10,probe,u,0.03403306737001313
192,17996,B,15,probe,f,0.02425780719652099
193,17996,B,15,probe,a,0.02905401767645896
194,17996,B,15,probe,a,0.017991415814362106
195,17996,B,15,probe,a,0.023423325536809706
196,17996,B,15,probe,u,0.017822791014775127
197,17996,B,15,probe,u,0.04437404631504988
198,17996,B,20,probe,f,0.022101991537910568
199,17996,B,20,probe,a,0.025542396185136054
200,17996,B,20,probe,a,0.016776033932407678
201,17996,B,20,probe,a,0.024315926692678826
202,17996,B,20,probe,u,0.01762727515192735
203,17996,B,20,probe,u,0.04676153222125685
204,17996,B,25,probe,f,0.021489395652705454
205,17996,B,25,probe,a,0.023543822232328912
206,17996,B,25,probe,a,0.016744054492613774
207,17996,B,25,probe,a,0.024886684986981305
208,17996,B,25,probe,u,0.017344001467015608
209,17996,B,25,probe,u,0.0499104430957438
210,17996,B,30,probe,f,0.02110952916418776
211,17996,B,30,probe,a,0.022821333075737863
212,17996,B,30,probe,a,0.01739297173879832
213,17996,B,30,probe,a,0.023682092680940053
214,17996,B,30,probe,u,0.019161950955780997
215,17996,B,30,probe,u,0.04558990827090893
216,18730,A,5,probe,u,0.27211288465261063
217,18730,A,5,probe,a,0.16165471998493305
218,18730,A,5,probe,f,0.2458852669403162
219,18730,A,5,probe,u,0.14804746817115944
220,18730,A,5,probe,u,0.20149207249272844
221,18730,A,5,probe,f,0.0648171997777266
222,18730,A,10,probe,u,0.21518575510294363
223,18730,A,10,probe,a,0.15452286868875728
224,18730,A,10,probe,f,0.17714869058016616
225,18730,A,10,probe,u,0.10312611354714145
226,18730,A,10,probe,u,0.22331572400863994
227,18730,A,10,probe,f,0.06664823516368641
228,18730,A,15,probe,u,0.2080461137406918
229,18730,A,15,probe,a,0.18140200430532594
230,18730,A,15,probe,f,0.132160883703602
231,18730,A,15,probe,u,0.12433444532445226
232,18730,A,15,probe,u,0.19865760384903042
233,18730,A,15,probe,f,0.11244634299448333
234,18730,A,20,probe,u,0.1897885629683585
235,18730,A,20,probe,a,0.2223415642151508
236,18730,A,20,probe,f,0.15018061809185151
237,18730,A,20,probe,u,0.17147798570510084
238,18730,A,20,probe,u,0.18088235863170762
239,18730,A,20,probe,f,0.13323818667617263
240,18730,A,25,probe,u,0.1657023232640001
241,18730,A,25,probe,a,0.2103919188933872
242,18730,A,25,probe,f,0.18217804651685096
243,18730,A,25,probe,u,0.17131581057513895
244,18730,A,25,probe,u,0.16646614047478528
245,18730,A,25,probe,f,0.167225747786444
246,18730,A,30,probe,u,0.16997100435385776
247,18730,A,30,probe,a,0.18960702085298883
248,18730,A,30,probe,f,0.18093892451103882
249,18730,A,30,probe,u,0.1612877630581301
250,18730,A,30,probe,u,0.18020174453895388
251,18730,A,30,probe,f,0.1684815097197603
252,22173,B,5,probe,f,0.012345744773609125
253,22173,B,5,probe,a,0.05719540006172603
254,22173,B,5,probe,u,0.015524630855820913
255,22173,B,5,probe,u,0.018472185349358666
256,22173,B,5,probe,f,0.04438996501766608
257,22173,B,10,probe,f,0.014433564421521957
258,22173,B,10,probe,a,0.07779144904930305
259,22173,B,10,probe,u,0.014739170944390194
260,22173,B,10,probe,u,0.02392054272266593
261,22173,B,10,probe,f,0.032711209102758806
262,22173,B,15,probe,f,0.016122405264918215
263,22173,B,15,probe,a,0.5592127580062362
264,22173,B,15,probe,a,0.07867208277209758
265,22173,B,15,probe,u,0.015399221617311283
266,22173,B,15,probe,u,0.055152179802532425
267,22173,B,15,probe,f,0.03026835891656506
268,22173,B,20,probe,f,0.01832265590937341
269,22173,B,20,probe,a,0.4711832151340577
270,22173,B,20,probe,a,0.09120375279947483
271,22173,B,20,probe,u,0.01717829710450415
272,22173,B,20,probe,u,0.24627968948864642
273,22173,B,20,probe,f,0.0277613881882462
274,22173,B,25,probe,f,0.018989574775044364
275,22173,B,25,probe,a,0.4177177580528739
276,22173,B,25,probe,a,0.09264601940677489
277,22173,B,25,probe,u,0.019686593620500976
278,22173,B,25,probe,u,0.34274885806421834
279,22173,B,25,probe,f,0.02787066210065027
280,22173,B,30,probe,f,0.021545671176427278
281,22173,B,30,probe,a,0.36483228641488985
282,22173,B,30,probe,a,0.09291932803968289
283,22173,B,30,probe,u,0.032923506325351376
284,22173,B,30,probe,u,0.30328993417048883
285,22173,B,30,probe,f,0.02901792044943672
286,24670,A,5,probe,u,0.008047939399665237
287,24670,A,5,probe,a,0.022251330625190198
288,24670,A,5,probe,u,0.0179170945587686
289,24670,A,5,probe,a,0.00805864843874451
290,24670,A,10,probe,u,0.008900022123103053
291,24670,A,10,probe,a,0.02345625806430571
292,24670,A,10,probe,u,0.02359206455914075
293,24670,A,10,probe,a,0.010652726306413358
294,24670,A,15,probe,u,0.009779732901631769
295,24670,A,15,probe,a,0.02233408162690464
296,24670,A,15,probe,u,0.021763316964043294
297,24670,A,15,probe,a,0.010981562316601513
298,24670,A,20,probe,u,0.009461752222556984
299,24670,A,20,probe,a,0.021748947286704023
300,24670,A,20,probe,u,0.023296513275285684
301,24670,A,20,probe,a,0.011494296102879045
302,24670,A,25,probe,u,0.009630789393810797
303,24670,A,25,probe,a,0.019133082013857952
304,24670,A,25,probe,u,0.023819212270481855
305,24670,A,25,probe,a,0.012122353249118634
306,24670,A,30,probe,u,0.009347599088663934
307,24670,A,30,probe,a,0.01725025271745115
308,24670,A,30,probe,u,0.021694414958668456
309,24670,A,30,probe,a,0.012036039479356206
310,26191,A,5,probe,f,0.02224601972031879
311,26191,A,5,probe,a,0.06865912487796987
312,26191,A,5,probe,f,0.018459006986226958
313,26191,A,5,probe,f,0.031015588395093222
314,26191,A,5,probe,f,0.04203919113441202
315,26191,A,5,probe,f,0.0452722310869791
316,26191,A,10,probe,f,0.049095137504247516
317,26191,A,10,probe,a,0.06278699357375418
318,26191,A,10,probe,f,0.025808809520438587
319,26191,A,10,probe,f,0.02239380314012379
320,26191,A,10,probe,f,0.04744422641095787
321,26191,A,10,probe,f,0.03587422363424018
322,26191,A,15,probe,f,0.047100282614019655
323,26191,A,15,probe,a,0.05157494590047737
324,26191,A,15,probe,f,0.0334688161536389
325,26191,A,15,probe,f,0.028509003081177094
326,26191,A,15,probe,f,0.051207959733852566
327,26191,A,15,probe,f,0.028823260750479678
328,26191,A,20,probe,f,0.0510022263586263
329,26191,A,20,probe,a,0.04296633974834209
330,26191,A,20,probe,f,0.03195154897879931
331,26191,A,20,probe,f,0.03517184207510995
332,26191,A,20,probe,f,0.047786209013913665
333,26191,A,20,probe,f,0.035309396726525395
334,26191,A,25,probe,f,0.04788807876786019
335,26191,A,25,probe,a,0.03969081588243931
336,26191,A,25,probe,f,0.03474150717747116
337,26191,A,25,probe,f,0.03751056282124039
338,26191,A,25,probe,f,0.044327077916997235
339,26191,A,25,probe,f,0.03408496029274159
340,26191,A,30,probe,f,0.044104890356297395
341,26191,A,30,probe,a,0.03642134348816945
342,26191,A,30,probe,f,0.03256285490631451
343,26191,A,30,probe,f,0.04082771861542509
344,26191,A,30,probe,f,0.04461374239684371
345,26191,A,30,probe,f,0.0359950899100844
346,26810,A,5,probe,a,0.032134164796188566
347,26810,A,5,probe,f,0.07714407370271209
348,26810,A,5,probe,u,0.07651086749023235
349,26810,A,5,probe,f,0.02584765693918783
350,26810,A,5,probe,u,0.034281005984960616
351,26810,A,10,probe,a,0.023148649887964095
352,26810,A,10,probe,f,0.05826442107379345
353,26810,A,10,probe,u,0.06881103991210205
354,26810,A,10,probe,f,0.023165620610576542
355,26810,A,10,probe,u,0.027912938235084818
356,26810,A,15,probe,a,0.028823125617951518
357,26810,A,15,probe,f,0.06156599417082289
358,26810,A,15,probe,u,0.06064026174573532
359,26810,A,15,probe,f,0.0208991923966646
360,26810,A,15,probe,u,0.025822631234310132
361,26810,A,20,probe,a,0.03609518053932292
362,26810,A,20,probe,f,0.06263264488713584
363,26810,A,20,probe,u,0.05318664901654942
364,26810,A,20,probe,f,0.036166782315008576
365,26810,A,20,probe,u,0.023482218805041317
366,26810,A,25,probe,a,0.03831703113997641
367,26810,A,25,probe,f,0.06167089079095979
368,26810,A,25,probe,u,0.04818869498291845
369,26810,A,25,probe,f,0.044197493724927574
370,26810,A,25,probe,u,0.022164183344377184
371,26810,A,30,probe,a,0.04642550432896486
372,26810,A,30,probe,f,0.06211701420628796
373,26810,A,30,probe,u,0.043271246928611555
374,26810,A,30,probe,f,0.042291728435323056
375,26810,A,30,probe,u,0.02636458899962486
376,27777,A,5,probe,f,0.027140868351568207
377,27777,A,5,probe,u,0.052369175047094346
378,27777,A,5,probe,f,0.044040582957765737
379,27777,A,5,probe,f,0.022268925629106647
380,27777,A,5,probe,f,0.03560965569388844
381,27777,A,5,probe,f,0.03598439763731325
382,27777,A,10,probe,f,0.02991848619640504
383,27777,A,10,probe,u,0.0442125750657684
384,27777,A,10,probe,f,0.04888409121688884
385,27777,A,10,probe,f,0.020754306809485448
386,27777,A,10,probe,f,0.055449179703953
387,27777,A,10,probe,f,0.02773989004070667
388,27777,A,15,probe,f,0.03433782475539848
389,27777,A,15,probe,u,0.03928283182743952
390,27777,A,15,probe,f,0.05409820512425835
391,27777,A,15,probe,f,0.020082317090044696
392,27777,A,15,probe,f,0.051196317244355034
393,27777,A,15,probe,f,0.028528960996729382
394,27777,A,20,probe,f,0.03164118694589156
395,27777,A,20,probe,u,0.03558730195361862
396,27777,A,20,probe,f,0.05037934765875901
397,27777,A,20,probe,f,0.019464629819777982
398,27777,A,20,probe,f,0.05458271227632063
399,27777,A,20,probe,f,0.04434613141812495
400,27777,A,25,probe,f,0.032810712549963116
401,27777,A,25,probe,u,0.032506906466009226
402,27777,A,25,probe,f,0.04615291410888915
403,27777,A,25,probe,f,0.01825361203361778
404,27777,A,25,probe,f,0.05284268768535715
405,27777,A,25,probe,f,0.04444230983580296
406,27777,A,30,probe,f,0.03402878580267111
407,27777,A,30,probe,u,0.033650776296887515
408,27777,A,30,probe,f,0.04159635893371049
409,27777,A,30,probe,f,0.017410048844401973
410,27777,A,30,probe,f,0.04937318665002301
411,27777,A,30,probe,f,0.042281537179548564
412,28591,A,5,probe,f,0.01344637065432583
413,28591,A,5,probe,a,0.024341727155664163
414,28591,A,5,probe,a,0.05443626805394614
415,28591,A,5,probe,f,0.01938994015797504
416,28591,A,5,probe,u,0.019679322934020686
417,28591,A,5,probe,a,0.050141613044040474
418,28591,A,10,probe,f,0.013082752458751904
419,28591,A,10,probe,a,0.035141284222580345
420,28591,A,10,probe,a,0.04086914324738525
421,28591,A,10,probe,f,0.021360726291790998
422,28591,A,10,probe,u,0.02088563687356097
423,28591,A,10,probe,a,0.04358226630060538
424,28591,A,15,probe,f,0.014802403378891724
425,28591,A,15,probe,a,0.030351221150974234
426,28591,A,15,probe,a,0.03956988934210345
427,28591,A,15,probe,f,0.021694243888701916
428,28591,A,15,probe,u,0.02034566394447359
429,28591,A,15,probe,a,0.038987295577261126
430,28591,A,20,probe,f,0.017785563337039068
431,28591,A,20,probe,a,0.0259908103409514
432,28591,A,20,probe,a,0.040938696675446425
433,28591,A,20,probe,f,0.021263763716258374
434,28591,A,20,probe,u,0.019236673308408545
435,28591,A,20,probe,a,0.037136920433498956
436,28591,A,25,probe,f,0.01639821915758342
437,28591,A,25,probe,a,0.026619618474250005
438,28591,A,25,probe,a,0.0386188548160975
439,28591,A,25,probe,f,0.019951235573677426
440,28591,A,25,probe,u,0.019345298215566756
441,28591,A,25,probe,a,0.03436580463825187
442,28591,A,30,probe,f,0.016800791671795694
443,28591,A,30,probe,a,0.025454771986840808
444,28591,A,30,probe,a,0.03711130012947976
445,28591,A,30,probe,f,0.022180486939254236
446,28591,A,30,probe,u,0.018303668992548403
447,28591,A,30,probe,a,0.03536949047754442
448,28942,A,5,probe,a,0.007320203987547749
449,28942,A,5,probe,f,0.011056220967771414
450,28942,A,5,probe,a,0.01633932435358197
451,28942,A,5,probe,f,0.014515390038940692
452,28942,A,5,probe,u,0.023516622459391293
453,28942,A,5,probe,f,0.02249763197860579
454,28942,A,10,probe,a,0.008546428359766855
455,28942,A,10,probe,f,0.009742716105798766
456,28942,A,10,probe,a,0.014099448896354439
457,28942,A,10,probe,f,0.016826113631464117
458,28942,A,10,probe,u,0.02257907082991569
459,28942,A,10,probe,f,0.01990662487277265
460,28942,A,15,probe,a,0.009469036479471485
461,28942,A,15,probe,f,0.009270458448722273
462,28942,A,15,probe,a,0.012926382988901641
463,28942,A,15,probe,f,0.016097842730535654
464,28942,A,15,probe,u,0.023445881972926474
465,28942,A,15,probe,f,0.01733134490408549
466,28942,A,20,probe,a,0.00965813227820413
467,28942,A,20,probe,f,0.0093585293582936
468,28942,A,20,probe,a,0.012329629441715187
469,28942,A,20,probe,f,0.015196970079469286
470,28942,A,20,probe,u,0.023879143246791135
471,28942,A,20,probe,f,0.01815246583093692
472,28942,A,25,probe,a,0.009310031155702508
473,28942,A,25,probe,f,0.00916308132848341
474,28942,A,25,probe,a,0.0120818937764329
475,28942,A,25,probe,f,0.014472994787739824
476,28942,A,25,probe,u,0.023190727343612053
477,28942,A,25,probe,f,0.01787530986242749
478,28942,A,30,probe,a,0.009095439841751096
479,28942,A,30,probe,f,0.009199752211956002
480,28942,A,30,probe,a,0.012016961712125096
481,28942,A,30,probe,f,0.01469719705210996
482,28942,A,30,probe,u,0.02275187537133897
483,28942,A,30,probe,f,0.016106872278788136
484,29635,B,5,probe,f,0.016790282346612163
485,29635,B,5,probe,u,0.029675150836979906
486,29635,B,5,probe,u,0.021011727216163463
487,29635,B,5,probe,a,0.0227198011755974
488,29635,B,5,probe,f,0.04009972717899456
489,29635,B,5,probe,u,0.015027514027506144
490,29635,B,10,probe,f,0.020910392661652427
491,29635,B,10,probe,u,0.024448568149667574
492,29635,B,10,probe,u,0.021939697641020692
493,29635,B,10,probe,a,0.02023042830267722
494,29635,B,10,probe,f,0.025072615622890516
495,29635,B,10,probe,u,0.014517878449352718
496,29635,B,15,probe,f,0.02215066293130675
497,29635,B,15,probe,u,0.021052271918829815
498,29635,B,15,probe,u,0.019885772002514866
499,29635,B,15,probe,a,0.020999246867332986
500,29635,B,15,probe,f,0.02009132113148382
501,29635,B,15,probe,u,0.015519116493340828
502,29635,B,20,probe,f,0.021918893279021103
503,29635,B,20,probe,u,0.021554145964363985
504,29635,B,20,probe,u,0.0200294393722703
505,29635,B,20,probe,a,0.01940632126722571
506,29635,B,20,probe,f,0.01919698629435437
507,29635,B,20,probe,u,0.0144555785119472
508,29635,B,25,probe,f,0.02315763330171981
509,29635,B,25,probe,u,0.021320604422493457
510,29635,B,25,probe,u,0.0215272298973902
511,29635,B,25,probe,a,0.01814487402166852
512,29635,B,25,probe,f,0.02079728607022942
513,29635,B,25,probe,u,0.014761902451617893
514,29635,B,30,probe,f,0.02371057415796615
515,29635,B,30,probe,u,0.021413205091796155
516,29635,B,30,probe,u,0.02165488821842418
517,29635,B,30,probe,a,0.01780920471080342
518,29635,B,30,probe,f,0.02419018484537997
519,29635,B,30,probe,u,0.014313471375452465
520,29899,A,5,probe,a,0.011724279094093544
521,29899,A,5,probe,f,0.04759006140053879
522,29899,A,5,probe,f,0.017389273876018393
523,29899,A,5,probe,u,0.021023358794001527
524,29899,A,5,probe,a,0.13574119090378314
525,29899,A,5,probe,f,0.026296145341315844
526,29899,A,10,probe,a,0.010908497748510763
527,29899,A,10,probe,f,0.03831998081849097
528,29899,A,10,probe,f,0.0342398051587887
529,29899,A,10,probe,u,0.03498094979771602
530,29899,A,10,probe,a,0.08663423476241318
531,29899,A,10,probe,f,0.0270009455980134
532,29899,A,15,probe,a,0.010132628158665686
533,29899,A,15,probe,f,0.04488098185384873
534,29899,A,15,probe,f,0.04517237664290061
535,29899,A,15,probe,u,0.04049225742175946
536,29899,A,15,probe,a,0.07719583531318176
537,29899,A,15,probe,f,0.039472635160818115
538,29899,A,20,probe,a,0.01040488697074665
539,29899,A,20,probe,f,0.04000497405406651
540,29899,A,20,probe,f,0.042906101238720094
541,29899,A,20,probe,u,0.044455789165234606
542,29899,A,20,probe,a,0.06492608295156145
543,29899,A,20,probe,f,0.03925247699995415
544,29899,A,25,probe,a,0.010213362549673413
545,29899,A,25,probe,f,0.034273784329391835
546,29899,A,25,probe,f,0.04198131144527932
547,29899,A,25,probe,u,0.042119729036744095
548,29899,A,25,probe,a,0.05874685941748571
549,29899,A,25,probe,f,0.04085125016756205
550,29899,A,30,probe,a,0.00988552070611976
551,29899,A,30,probe,f,0.03075262684747557
552,29899,A,30,probe,f,0.04017468489651531
553,29899,A,30,probe,u,0.038090785654282776
554,29899,A,30,probe,a,0.05785253685673288
555,29899,A,30,probe,f,0.03856536060506501
556,33611,B,5,probe,a,0.062361361492159345
557,33611,B,5,probe,u,0.06549249638323562
558,33611,B,5,probe,u,0.07793097163463684
559,33611,B,5,probe,u,0.02087012479863418
560,33611,B,5,probe,a,0.012409354331857518
561,33611,B,5,probe,u,0.016837735317075386
562,33611,B,10,probe,a,0.06133593540573431
563,33611,B,10,probe,u,0.05153190784076616
564,33611,B,10,probe,u,0.05540175290402869
565,33611,B,10,probe,u,0.03667303814728789
566,33611,B,10,probe,a,0.01876778910017079
567,33611,B,10,probe,u,0.015555033461835267
568,33611,B,15,probe,a,0.06488087755446327
569,33611,B,15,probe,u,0.041510311509370915
570,33611,B,15,probe,u,0.04776512788840331
571,33611,B,15,probe,u,0.03863733173354149
572,33611,B,15,probe,a,0.01784181611782419
573,33611,B,15,probe,u,0.014686373944359607
574,33611,B,20,probe,a,0.05414030173432487
575,33611,B,20,probe,u,0.03678198972573825
576,33611,B,20,probe,u,0.0415535804170779
577,33611,B,20,probe,u,0.03921695924289907
578,33611,B,20,probe,a,0.0175360921597346
579,33611,B,20,probe,u,0.012906850468532191
580,33611,B,25,probe,a,0.047598320074741796
581,33611,B,25,probe,u,0.03502855834331265
582,33611,B,25,probe,u,0.035317241770018805
583,33611,B,25,probe,u,0.03606578520888457
584,33611,B,25,probe,a,0.016607079682927784
585,33611,B,25,probe,u,0.012883376144005795
586,33611,B,30,probe,a,0.042218092561069724
587,33611,B,30,probe,u,0.03563700385638749
588,33611,B,30,probe,u,0.03166604189098967
589,33611,B,30,probe,u,0.033838860971717365
590,33611,B,30,probe,a,0.015587113346386879
591,33611,B,30,probe,u,0.012052659107947873
592,36745,B,5,probe,a,0.011321754457152965
593,36745,B,5,probe,u,0.025432471567856704
594,36745,B,5,probe,f,0.07654385069518264
595,36745,B,5,probe,u,0.011903412062811015
596,36745,B,5,probe,f,0.04428063784147443
597,36745,B,10,probe,a,0.012850740542217427
598,36745,B,10,probe,u,0.03737870605204107
599,36745,B,10,probe,f,0.07445734986527387
600,36745,B,10,probe,u,0.01844026620253458
601,36745,B,10,probe,f,0.07038654260996982
602,36745,B,15,probe,a,0.0133941340451355
603,36745,B,15,probe,u,0.03800728197430078
604,36745,B,15,probe,f,0.057685456199767185
605,36745,B,15,probe,u,0.01614848669783368
606,36745,B,15,probe,f,0.09923212304202225
607,36745,B,20,probe,a,0.014035175782721858
608,36745,B,20,probe,u,0.039255415651401296
609,36745,B,20,probe,f,0.05245316827338289
610,36745,B,20,probe,u,0.01499660263133212
611,36745,B,20,probe,f,0.09361758887043736
612,36745,B,25,probe,a,0.017876071060590873
613,36745,B,25,probe,u,0.03547674613427851
614,36745,B,25,probe,f,0.04674738091096422
615,36745,B,25,probe,u,0.016189898481819474
616,36745,B,25,probe,f,0.08705123735485262
617,36745,B,30,probe,a,0.018129340030626374
618,36745,B,30,probe,u,0.034572531105665556
619,36745,B,30,probe,f,0.045991000744288316
620,36745,B,30,probe,u,0.016196060379072817
621,36745,B,30,probe,f,0.08052327906043588
622,39345,B,5,probe,a,0.04815842987214175
623,39345,B,5,probe,a,0.04284645685903951
624,39345,B,5,probe,f,0.037296205501202266
625,39345,B,5,probe,f,0.07820914046957796
626,39345,B,5,probe,a,0.06989722553887773
627,39345,B,5,probe,a,0.03865217548718811
628,39345,B,10,probe,a,0.04102542219869134
629,39345,B,10,probe,a,0.05454333173953798
630,39345,B,10,probe,f,0.03179939891367779
631,39345,B,10,probe,f,0.06968529567351724
632,39345,B,10,probe,a,0.07075695398923235
633,39345,B,10,probe,a,0.028454768584130263
634,39345,B,15,probe,a,0.036681332068151315
635,39345,B,15,probe,a,0.05353342809660184
636,39345,B,15,probe,f,0.03110948363000577
637,39345,B,15,probe,f,0.06483141737078635
638,39345,B,15,probe,a,0.06287824669796599
639,39345,B,15,probe,a,0.05286219270844107
640,39345,B,20,probe,a,0.035812865909378926
641,39345,B,20,probe,a,0.048261117681294666
642,39345,B,20,probe,f,0.03193271279303563
643,39345,B,20,probe,f,0.05609057390482639
644,39345,B,20,probe,a,0.05489999353214287
645,39345,B,20,probe,a,0.05900763339926191
646,39345,B,25,probe,a,0.03776660759298874
647,39345,B,25,probe,a,0.042246818973943535
648,39345,B,25,probe,f,0.03717340704038034
649,39345,B,25,probe,f,0.050015461584040535
650,39345,B,25,probe,a,0.050440790739094694
651,39345,B,25,probe,a,0.05875156570672683
652,39345,B,30,probe,a,0.04233735866603105
653,39345,B,30,probe,a,0.04683770165361415
654,39345,B,30,probe,f,0.03899962653760092
655,39345,B,30,probe,f,0.04616701129076859
656,39345,B,30,probe,a,0.0476109728067212
657,39345,B,30,probe,a,0.054267887062176334
658,39536,B,5,probe,f,0.01564363687884413
659,39536,B,5,probe,a,0.008921292429151826
660,39536,B,5,probe,f,0.014072855378246313
661,39536,B,5,probe,f,0.008362435338586681
662,39536,B,5,probe,a,0.02278369610076812
663,39536,B,5,probe,u,0.010908292264311246
664,39536,B,10,probe,f,0.020093686895467
665,39536,B,10,probe,a,0.009944532988214405
666,39536,B,10,probe,f,0.01767176796003523
667,39536,B,10,probe,f,0.01607894884543179
668,39536,B,10,probe,a,0.02410339190174762
669,39536,B,10,probe,u,0.012004151366447264
670,39536,B,15,probe,f,0.021584849551441524
671,39536,B,15,probe,a,0.011464243544709584
672,39536,B,15,probe,f,0.016601042555621306
673,39536,B,15,probe,f,0.017417287954075045
674,39536,B,15,probe,a,0.02325098344837805
675,39536,B,15,probe,u,0.017030404298669363
676,39536,B,20,probe,f,0.020212037606225672
677,39536,B,20,probe,a,0.01301091992053454
678,39536,B,20,probe,f,0.015054506188935411
679,39536,B,20,probe,f,0.015841768411498636
680,39536,B,20,probe,a,0.020792734058310516
681,39536,B,20,probe,u,0.015068611968397679
682,39536,B,25,probe,f,0.018528047346090273
683,39536,B,25,probe,a,0.012779454599856644
684,39536,B,25,probe,f,0.013905830370493893
685,39536,B,25,probe,f,0.016953951510453712
686,39536,B,25,probe,a,0.01928641020621914
687,39536,B,25,probe,u,0.014212728995420709
688,39536,B,30,probe,f,0.019453967973786377
689,39536,B,30,probe,a,0.014832843738174797
690,39536,B,30,probe,f,0.014480543238319125
691,39536,B,30,probe,f,0.01650873218110895
692,39536,B,30,probe,a,0.020156891296541617
693,39536,B,30,probe,u,0.015091575135016097
694,43300,A,5,probe,a,0.07120840306073138
695,43300,A,5,probe,u,0.05396377211035515
696,43300,A,5,probe,a,0.06499917105867728
697,43300,A,5,probe,f,0.04129011472085833
698,43300,A,5,probe,f,0.2684991322006367
699,43300,A,5,probe,a,0.01703108391457905
700,43300,A,10,probe,a,0.05159319712113053
701,43300,A,10,probe,u,0.06707590718493123
702,43300,A,10,probe,a,0.06392297220933088
703,43300,A,10,probe,f,0.04734272195503271
704,43300,A,10,probe,f,0.15045076973544044
705,43300,A,10,probe,a,0.016141679779200172
706,43300,A,15,probe,a,0.04309115391936812
707,43300,A,15,probe,u,0.061200234973098254
708,43300,A,15,probe,a,0.06487898922681655
709,43300,A,15,probe,f,0.04460491631877731
710,43300,A,15,probe,f,0.11189107832864507
711,43300,A,15,probe,a,0.054678916336619525
712,43300,A,20,probe,a,0.11010263024567299
713,43300,A,20,probe,u,0.06222974566723098
714,43300,A,20,probe,a,0.06531082747695241
715,43300,A,20,probe,f,0.049076616921026196
716,43300,A,20,probe,f,0.09170150811923164
717,43300,A,20,probe,a,0.051332679205600834
718,43300,A,25,probe,a,0.09827152907245958
719,43300,A,25,probe,u,0.05628427320196169
720,43300,A,25,probe,a,0.07718017150193641
721,43300,A,25,probe,f,0.10002864293153124
722,43300,A,25,probe,f,0.08376789284530171
723,43300,A,25,probe,a,0.049745557289683995
724,43300,A,30,probe,a,0.08824690010560665
725,43300,A,30,probe,u,0.09282000449195356
726,43300,A,30,probe,a,0.09661992951047035
727,43300,A,30,probe,f,0.1699358442338455
728,43300,A,30,probe,f,0.07536013703652293
729,43300,A,30,probe,a,0.04478848957140389
730,44055,B,5,probe,f,0.058895091794707
731,44055,B,5,probe,f,0.3592670040635955
732,44055,B,5,probe,a,0.031018163586672087
733,44055,B,10,probe,f,0.0787191824700776
734,44055,B,10,probe,u,0.25773336827054566
735,44055,B,10,probe,f,0.2240749710088808
736,44055,B,10,probe,a,0.035196896839750226
737,44055,B,15,probe,f,0.06953043838949761
738,44055,B,15,probe,u,0.1961923963835381
739,44055,B,15,probe,f,0.1689029367731134
740,44055,B,15,probe,a,0.06407614502306425
741,44055,B,20,probe,f,0.06462719171194625
742,44055,B,20,probe,u,0.15569552521288224
743,44055,B,20,probe,f,0.13351492085362365
744,44055,B,20,probe,a,0.1129463877967392
745,44055,B,25,probe,f,0.0626611445109174
746,44055,B,25,probe,u,0.14408090287168762
747,44055,B,25,probe,f,0.11311905515352576
748,44055,B,25,probe,a,0.21725453836596442
749,44055,B,30,probe,f,0.060313084565106506
750,44055,B,30,probe,u,0.21023057306653276
751,44055,B,30,probe,f,0.09625993728577938
752,44055,B,30,probe,a,0.2144843092221757
753,49612,A,5,probe,a,0.013688808369617078
754,49612,A,5,probe,u,0.007328339448557006
755,49612,A,5,probe,f,0.010157949999822415
756,49612,A,5,probe,f,0.01214606263092061
757,49612,A,5,probe,a,0.0706433329784203
758,49612,A,10,probe,a,0.014410811603423772
759,49612,A,10,probe,u,0.0071082171203919065
760,49612,A,10,probe,f,0.016212371703688857
761,49612,A,10,probe,f,0.016101139968309922
762,49612,A,10,probe,a,0.009807154243728218
763,49612,A,10,probe,a,0.07611075634708253
764,49612,A,15,probe,a,0.013513428025547983
765,49612,A,15,probe,u,0.009600539847904672
766,49612,A,15,probe,f,0.016342207039484018
767,49612,A,15,probe,f,0.01891750704743876
768,49612,A,15,probe,a,0.010639724425766123
769,49612,A,15,probe,a,0.09659230987874774
770,49612,A,20,probe,a,0.0139668773770968
771,49612,A,20,probe,u,0.009800310495906496
772,49612,A,20,probe,f,0.01574043341235852
773,49612,A,20,probe,f,0.019965576923309126
774,49612,A,20,probe,a,0.011538839130380146
775,49612,A,20,probe,a,0.13843538522858861
776,49612,A,25,probe,a,0.014210842435893193
777,49612,A,25,probe,u,0.00991884973887969
778,49612,A,25,probe,f,0.014896105739707047
779,49612,A,25,probe,f,0.018774525952720417
780,49612,A,25,probe,a,0.011511794282597299
781,49612,A,25,probe,a,0.11318789315571899
782,49612,A,30,probe,a,0.014381722055610625
783,49612,A,30,probe,u,0.01068829421980854
784,49612,A,30,probe,f,0.014620886492362477
785,49612,A,30,probe,f,0.017914083369345014
786,49612,A,30,probe,a,0.012106384425537896
787,49612,A,30,probe,a,0.09621957019576588
788,50121,A,5,probe,f,0.023821810881427166
789,50121,A,5,probe,a,0.013853113065044536
790,50121,A,5,probe,a,0.01843831573228966
791,50121,A,10,probe,f,0.02308599287708775
792,50121,A,10,probe,a,0.018345208675078977
793,50121,A,10,probe,a,0.02283778913523332
794,50121,A,15,probe,f,0.026737692309249404
795,50121,A,15,probe,a,0.016582516078498036
796,50121,A,15,probe,a,0.025598877452708255
797,50121,A,15,probe,u,0.31468676382249505
798,50121,A,20,probe,f,0.027030093319304303
799,50121,A,20,probe,a,0.016185962026910625
800,50121,A,20,probe,a,0.02989722403280204
801,50121,A,20,probe,u,0.2699461235785872
802,50121,A,25,probe,f,0.027224268028619766
803,50121,A,25,probe,a,0.016512184390328612
804,50121,A,25,probe,a,0.027145949281511293
805,50121,A,25,probe,u,0.22926525368008804
806,50121,A,30,probe,f,0.026153520026021056
807,50121,A,30,probe,a,0.016360247830988214
808,50121,A,30,probe,a,0.024931787954859775
809,50121,A,30,probe,u,0.19994078327793058
810,51772,A,5,probe,f,0.023575186951910625
811,51772,A,5,probe,a,0.06457790919938124
812,51772,A,5,probe,f,0.06963791500925469
813,51772,A,5,probe,f,0.02859853601741287
814,51772,A,10,probe,f,0.0243015368544193
815,51772,A,10,probe,a,0.11245896664021242
816,51772,A,10,probe,a,0.2003591066616774
817,51772,A,10,probe,f,0.0753533945247655
818,51772,A,10,probe,f,0.05419508494158058
819,51772,A,15,probe,f,0.025004999402546576
820,51772,A,15,probe,a,0.10287247971408886
821,51772,A,15,probe,a,0.22779265650152278
822,51772,A,15,probe,f,0.07013542722878932
823,51772,A,15,probe,f,0.36981909845137423
824,51772,A,20,probe,f,0.025368820298891127
825,51772,A,20,probe,a,0.11054078620129469
826,51772,A,20,probe,a,0.20293365681293477
827,51772,A,20,probe,f,0.06120603304958658
828,51772,A,20,probe,f,0.4751895588213937
829,51772,A,25,probe,f,0.025471803264217576
830,51772,A,25,probe,a,0.11132148383612624
831,51772,A,25,probe,a,0.1750638517908134
832,51772,A,25,probe,f,0.05553527323810692
833,51772,A,25,probe,f,0.5061055568091865
834,51772,A,30,probe,f,0.025293682537475624
835,51772,A,30,probe,a,0.1045044900886857
836,51772,A,30,probe,a,0.15899761451035574
837,51772,A,30,probe,f,0.05467817854729449
838,51772,A,30,probe,f,0.5212003790081312
839,53452,B,5,probe,f,0.02783606268580104
840,53452,B,5,probe,u,0.029204072589540383
841,53452,B,5,probe,u,0.05477286626375262
842,53452,B,5,probe,a,0.08037588100277908
843,53452,B,5,probe,u,0.57901739481903
844,53452,B,5,probe,a,0.01765258352384925
845,53452,B,10,probe,f,0.035026130780768494
846,53452,B,10,probe,u,0.022367630207676625
847,53452,B,10,probe,u,0.04165077575157761
848,53452,B,10,probe,a,0.06390853950224658
849,53452,B,10,probe,u,0.46175623364252366
850,53452,B,10,probe,a,0.017488234956495347
851,53452,B,15,probe,f,0.03906274193191649
852,53452,B,15,probe,u,0.022251692284674413
853,53452,B,15,probe,u,0.21462132986316512
854,53452,B,15,probe,a,0.054230502618988694
855,53452,B,15,probe,u,0.47232070824996364
856,53452,B,15,probe,a,0.01949863028298609
857,53452,B,20,probe,f,0.03735732761100866
858,53452,B,20,probe,u,0.025234807230768177
859,53452,B,20,probe,u,0.17041316580595064
860,53452,B,20,probe,a,0.045658130838859445
861,53452,B,20,probe,u,0.37829633220929115
862,53452,B,20,probe,a,0.03943169836938048
863,53452,B,25,probe,f,0.03530018020178391
864,53452,B,25,probe,u,0.031434435866323836
865,53452,B,25,probe,u,0.1567926060797357
866,53452,B,25,probe,a,0.04142206410568355
867,53452,B,25,probe,u,0.40415852707184696
868,53452,B,25,probe,a,0.04127994894019484
869,53452,B,30,probe,f,0.03333867926334642
870,53452,B,30,probe,u,0.0334222836606822
871,53452,B,30,probe,u,0.13631517619374695
872,53452,B,30,probe,a,0.07050981446362516
873,53452,B,30,probe,u,0.5076816417559012
874,53452,B,30,probe,a,0.04538185356034504
875,55139,B,5,probe,a,0.014364187769378308
876,55139,B,5,probe,u,0.020651851491982454
877,55139,B,5,probe,f,0.014524796080677665
878,55139,B,5,probe,a,0.016104520263072238
879,55139,B,5,probe,a,0.008908501183509483
880,55139,B,10,probe,a,0.011577316622686249
881,55139,B,10,probe,u,0.020014214886557483
882,55139,B,10,probe,f,0.012729852505248484
883,55139,B,10,probe,a,0.01668095489299341
884,55139,B,10,probe,a,0.008700714889835126
885,55139,B,15,probe,a,0.01206288540948888
886,55139,B,15,probe,u,0.02885341634104229
887,55139,B,15,probe,f,0.013041400857019698
888,55139,B,15,probe,a,0.015121831066239495
889,55139,B,15,probe,a,0.008976590467968108
890,55139,B,20,probe,a,0.012837239814239246
891,55139,B,20,probe,u,0.03208595076111555
892,55139,B,20,probe,f,0.012007593590781728
893,55139,B,20,probe,a,0.014106086798755664
894,55139,B,20,probe,a,0.010253392349288888
895,55139,B,25,probe,a,0.012650636085824066
896,55139,B,25,probe,u,0.03343952856862321
897,55139,B,25,probe,f,0.011794519710682641
898,55139,B,25,probe,a,0.014154234694804653
899,55139,B,25,probe,a,0.011335917679770796
900,55139,B,30,probe,a,0.012039866019505728
901,55139,B,30,probe,u,0.03608415317175342
902,55139,B,30,probe,f,0.012656297548405459
903,55139,B,30,probe,a,0.013927265699883005
904,55139,B,30,probe,a,0.010919482460089277
905,59109,B,5,probe,a,0.012276565970922955
906,59109,B,5,probe,f,0.01586254666134939
907,59109,B,5,probe,f,0.012220775029070426
908,59109,B,5,probe,a,0.008563796500598886
909,59109,B,5,probe,a,0.01539729862486299
910,59109,B,10,probe,a,0.013200159835861182
911,59109,B,10,probe,f,0.015856820784433578
912,59109,B,10,probe,f,0.012811451831686377
913,59109,B,10,probe,a,0.011131274066748728
914,59109,B,10,probe,a,0.0124205359143459
915,59109,B,15,probe,a,0.012841042175582148
916,59109,B,15,probe,f,0.013665554111182128
917,59109,B,15,probe,f,0.011658635185981859
918,59109,B,15,probe,a,0.012636995491290754
919,59109,B,15,probe,a,0.013095097387039135
920,59109,B,20,probe,a,0.014564547278254984
921,59109,B,20,probe,f,0.013945998342523218
922,59109,B,20,probe,f,0.012203092259204129
923,59109,B,20,probe,a,0.014497170654648119
924,59109,B,20,probe,a,0.014201547676732342
925,59109,B,25,probe,a,0.015063142709866308
926,59109,B,25,probe,f,0.014892577986526564
927,59109,B,25,probe,f,0.012423050666513424
928,59109,B,25,probe,a,0.014546553062761187
929,59109,B,25,probe,a,0.01408413416375605
930,59109,B,30,probe,a,0.01695772507737898
931,59109,B,30,probe,f,0.015090857034892007
932,59109,B,30,probe,f,0.012421895052759986
933,59109,B,30,probe,a,0.01503513918366222
934,59109,B,30,probe,a,0.013406270843321364
935,61528,B,5,probe,f,0.013141483702157892
936,61528,B,5,probe,u,0.05486170755289616
937,61528,B,5,probe,a,0.024997515705482608
938,61528,B,5,probe,f,0.06841712505424294
939,61528,B,5,probe,a,0.020318345991179407
940,61528,B,5,probe,u,0.017525489876260947
941,61528,B,10,probe,f,0.010377060527893965
942,61528,B,10,probe,u,0.05741018974721059
943,61528,B,10,probe,a,0.019632199330357144
944,61528,B,10,probe,f,0.056621324645185316
945,61528,B,10,probe,a,0.018551137394758013
946,61528,B,10,probe,u,0.015031323034260306
947,61528,B,15,probe,f,0.011207875775477546
948,61528,B,15,probe,u,0.046004620103406085
949,61528,B,15,probe,a,0.01908691224198927
950,61528,B,15,probe,f,0.049355289062283765
951,61528,B,15,probe,a,0.018240426352355503
952,61528,B,15,probe,u,0.016691698528223615
953,61528,B,20,probe,f,0.01289399200857529
954,61528,B,20,probe,u,0.03819287550450442
955,61528,B,20,probe,a,0.01665546774553043
956,61528,B,20,probe,f,0.04456957524536393
957,61528,B,20,probe,a,0.018226069051437147
958,61528,B,20,probe,u,0.01670768460814405
959,61528,B,25,probe,f,0.015502152619022198
960,61528,B,25,probe,u,0.03733218603607654
961,61528,B,25,probe,a,0.01747299357846379
962,61528,B,25,probe,f,0.03903808929573725
963,61528,B,25,probe,a,0.017497811931075937
964,61528,B,25,probe,u,0.01583985814038486
965,61528,B,30,probe,f,0.01596477511010705
966,61528,B,30,probe,u,0.03816739003754144
967,61528,B,30,probe,a,0.017499810157058236
968,61528,B,30,probe,f,0.03502821504888808
969,61528,B,30,probe,a,0.017099516060870294
970,61528,B,30,probe,u,0.01625117182323238
971,62013,B,5,probe,f,0.0417678352901021
972,62013,B,5,probe,a,0.03532388834952335
973,62013,B,5,probe,a,0.04730182483757229
974,62013,B,5,probe,f,0.030922875476502
975,62013,B,5,probe,u,0.04293230756658816
976,62013,B,5,probe,f,0.029242395700510477
977,62013,B,10,probe,f,0.04979299572835356
978,62013,B,10,probe,a,0.026184271665346624
979,62013,B,10,probe,a,0.03724155821614485
980,62013,B,10,probe,f,0.030845858166748445
981,62013,B,10,probe,u,0.03113000206732975
982,62013,B,10,probe,f,0.024734888516559025
983,62013,B,15,probe,f,0.04832858787827134
984,62013,B,15,probe,a,0.026592134585489518
985,62013,B,15,probe,a,0.03588738278752749
986,62013,B,15,probe,f,0.028138778154943703
987,62013,B,15,probe,u,0.02466204342406874
988,62013,B,15,probe,f,0.024437520853266944
989,62013,B,20,probe,f,0.04653366358639925
990,62013,B,20,probe,a,0.02929238023082196
991,62013,B,20,probe,a,0.03781057876113739
992,62013,B,20,probe,f,0.03393316532746119
993,62013,B,20,probe,u,0.036218141069585395
994,62013,B,20,probe,f,0.03254413085440091
995,62013,B,25,probe,f,0.04943898269092334
996,62013,B,25,probe,a,0.03190134055328015
997,62013,B,25,probe,a,0.03887172290823626
998,62013,B,25,probe,f,0.03970548203379318
999,62013,B,25,probe,u,0.03689820546225795
1000,62013,B,25,probe,f,0.03859237010725959
1001,62013,B,30,probe,f,0.047190341596029695
1002,62013,B,30,probe,a,0.03499564435958878
1003,62013,B,30,probe,a,0.03821988299663801
1004,62013,B,30,probe,f,0.03865727550056745
1005,62013,B,30,probe,u,0.03581505746675324
1006,62013,B,30,probe,f,0.04456415803221207
1007,62336,A,5,probe,a,0.036029474121861645
1008,62336,A,5,probe,f,0.050319706773748044
1009,62336,A,5,probe,f,0.07122096043674923
1010,62336,A,5,probe,f,0.06495825399809133
1011,62336,A,5,probe,f,0.07395927438175535
1012,62336,A,10,probe,f,0.13121282252189165
1013,62336,A,10,probe,a,0.04407535772710981
1014,62336,A,10,probe,f,0.056370167462420774
1015,62336,A,10,probe,f,0.08740909499890245
1016,62336,A,10,probe,f,0.04621371206394259
1017,62336,A,10,probe,f,0.060644367086699555
1018,62336,A,15,probe,f,0.10949898580057034
1019,62336,A,15,probe,a,0.049246477742826714
1020,62336,A,15,probe,f,0.04746437327127839
1021,62336,A,15,probe,f,0.07577816295390064
1022,62336,A,15,probe,f,0.038617665251638275
1023,62336,A,15,probe,f,0.05605075158531165
1024,62336,A,20,probe,f,0.10068801575222057
1025,62336,A,20,probe,a,0.04567447498252548
1026,62336,A,20,probe,f,0.05300877174824893
1027,62336,A,20,probe,f,0.07039032255677076
1028,62336,A,20,probe,f,0.0439719296344496
1029,62336,A,20,probe,f,0.048378052077764556
1030,62336,A,25,probe,f,0.09197662917532104
1031,62336,A,25,probe,a,0.0530124925148835
1032,62336,A,25,probe,f,0.05213496103886566
1033,62336,A,25,probe,f,0.0631300681616014
1034,62336,A,25,probe,f,0.05072745386958952
1035,62336,A,25,probe,f,0.046980143307223
1036,62336,A,30,probe,f,0.09495165359716383
1037,62336,A,30,probe,a,0.05092315938304595
1038,62336,A,30,probe,f,0.05023255141799555
1039,62336,A,30,probe,f,0.06260366218365813
1040,62336,A,30,probe,f,0.051463004806702455
1041,62336,A,30,probe,f,0.047447907041324185
1042,63183,A,5,probe,a,0.01736638080923863
1043,63183,A,5,probe,u,0.014295640830514047
1044,63183,A,5,probe,u,0.016814476225727928
1045,63183,A,5,probe,a,0.010965745231987106
1046,63183,A,5,probe,u,0.017639395469886764
1047,63183,A,5,probe,a,0.02922646640093759
1048,63183,A,10,probe,a,0.019501475117697325
1049,63183,A,10,probe,u,0.013414136895306529
1050,63183,A,10,probe,u,0.01961107594232411
1051,63183,A,10,probe,a,0.015030895955086753
1052,63183,A,10,probe,u,0.021139981646833398
1053,63183,A,10,probe,a,0.021026540620943744
1054,63183,A,15,probe,a,0.01774623725181908
1055,63183,A,15,probe,u,0.016366876079105617
1056,63183,A,15,probe,u,0.02552519624379478
1057,63183,A,15,probe,a,0.015726826390056323
1058,63183,A,15,probe,u,0.020387814048912278
1059,63183,A,15,probe,a,0.021330027385477717
1060,63183,A,20,probe,a,0.01930402806834821
1061,63183,A,20,probe,u,0.01738416753945017
1062,63183,A,20,probe,u,0.023626522461228153
1063,63183,A,20,probe,a,0.01704509447034852
1064,63183,A,20,probe,u,0.019527757695400726
1065,63183,A,20,probe,a,0.021027473344506966
1066,63183,A,25,probe,a,0.017473682565230086
1067,63183,A,25,probe,u,0.018766754439040845
1068,63183,A,25,probe,u,0.02187636646042445
1069,63183,A,25,probe,a,0.017546829225172186
1070,63183,A,25,probe,u,0.019216994944152764
1071,63183,A,25,probe,a,0.020307612729944198
1072,63183,A,30,probe,a,0.01616958158635534
1073,63183,A,30,probe,u,0.018077571659959515
1074,63183,A,30,probe,u,0.020069493554559063
1075,63183,A,30,probe,a,0.016995091360135973
1076,63183,A,30,probe,u,0.01978042503703761
1077,63183,A,30,probe,a,0.021090034808702047
1078,64922,A,5,probe,a,0.046313878921423524
1079,64922,A,5,probe,f,0.05606117081309157
1080,64922,A,5,probe,f,0.02059277823613354
1081,64922,A,5,probe,f,0.02122661157278986
1082,64922,A,5,probe,u,0.03343292249567271
1083,64922,A,5,probe,a,0.058717208442092765
1084,64922,A,10,probe,a,0.03904746315661954
1085,64922,A,10,probe,f,0.04324320110635562
1086,64922,A,10,probe,f,0.026074434332646335
1087,64922,A,10,probe,f,0.028693993845992947
1088,64922,A,10,probe,u,0.025744661923299668
1089,64922,A,10,probe,a,0.040752919356521866
1090,64922,A,15,probe,a,0.03869049841977167
1091,64922,A,15,probe,f,0.03628952029872887
1092,64922,A,15,probe,f,0.026591962179239557
1093,64922,A,15,probe,f,0.028086457236723046
1094,64922,A,15,probe,u,0.02044455470493923
1095,64922,A,15,probe,a,0.031030954920214286
1096,64922,A,20,probe,a,0.03752159264581244
1097,64922,A,20,probe,f,0.029949665477354143
1098,64922,A,20,probe,f,0.022925920365413747
1099,64922,A,20,probe,f,0.026509680810559072
1100,64922,A,20,probe,u,0.02632959813725319
1101,64922,A,20,probe,a,0.02828286719771089
1102,64922,A,25,probe,a,0.03971369784728058
1103,64922,A,25,probe,f,0.029863878838847998
1104,64922,A,25,probe,f,0.02217046057759905
1105,64922,A,25,probe,f,0.027204211027602645
1106,64922,A,25,probe,u,0.030462199767195164
1107,64922,A,25,probe,a,0.03235826818103935
1108,64922,A,30,probe,a,0.037231369292425244
1109,64922,A,30,probe,f,0.03315893615550067
1110,64922,A,30,probe,f,0.024344138223634185
1111,64922,A,30,probe,f,0.027014942690566545
1112,64922,A,30,probe,u,0.03208304721793926
1113,64922,A,30,probe,a,0.030989482568586836
1114,67083,A,5,probe,u,0.037104575117586545
1115,67083,A,5,probe,f,0.027094592093913874
1116,67083,A,5,probe,a,0.06439950862976361
1117,67083,A,5,probe,a,0.040337771757602114
1118,67083,A,5,probe,f,0.05721736400728013
1119,67083,A,5,probe,f,0.12391562955307195
1120,67083,A,10,probe,u,0.03690035259833966
1121,67083,A,10,probe,f,0.02880462106107981
1122,67083,A,10,probe,a,0.07207626693700679
1123,67083,A,10,probe,a,0.05164635900891431
1124,67083,A,10,probe,f,0.08857994533017265
1125,67083,A,10,probe,f,0.10026222212245096
1126,67083,A,15,probe,u,0.03335171988970065
1127,67083,A,15,probe,f,0.03401099350847617
1128,67083,A,15,probe,a,0.07957547934376034
1129,67083,A,15,probe,a,0.051619510242198026
1130,67083,A,15,probe,f,0.247508562523188
1131,67083,A,15,probe,f,0.08202755262039671
1132,67083,A,20,probe,u,0.04600961472639926
1133,67083,A,20,probe,f,0.04006671665374733
1134,67083,A,20,probe,a,0.08622892555355033
1135,67083,A,20,probe,a,0.050342201212874485
1136,67083,A,20,probe,f,0.28487787566956296
1137,67083,A,20,probe,f,0.08987073177163556
1138,67083,A,25,probe,u,0.056422098674600026
1139,67083,A,25,probe,f,0.04410216739913378
1140,67083,A,25,probe,a,0.0772359867892527
1141,67083,A,25,probe,a,0.04612046330143967
1142,67083,A,25,probe,f,0.2572984527775403
1143,67083,A,25,probe,f,0.08686781787376323
1144,67083,A,30,probe,u,0.0626461791018191
1145,67083,A,30,probe,f,0.055261065932308555
1146,67083,A,30,probe,a,0.13255340490649906
1147,67083,A,30,probe,a,0.04285236491825158
1148,67083,A,30,probe,f,0.22703721875309807
1149,67083,A,30,probe,f,0.08721138592496722
1150,67212,A,5,probe,f,0.0292419165443103
1151,67212,A,5,probe,a,0.42798831844636814
1152,67212,A,5,probe,a,0.3390814764391068
1153,67212,A,10,probe,a,0.3517149845998692
1154,67212,A,10,probe,f,0.02429122061933311
1155,67212,A,10,probe,a,0.39722445139306284
1156,67212,A,10,probe,a,0.5429018194498865
1157,67212,A,15,probe,a,0.2996317995669174
1158,67212,A,15,probe,f,0.023483268490847205
1159,67212,A,15,probe,a,0.301333111915363
1160,67212,A,15,probe,a,0.5655655226983293
1161,67212,A,20,probe,a,0.26769875604075616
1162,67212,A,20,probe,f,0.021019330511392414
1163,67212,A,20,probe,a,0.2351931302505653
1164,67212,A,20,probe,a,0.5142689217906171
1165,67212,A,25,probe,a,0.4015710317486864
1166,67212,A,25,probe,a,0.22701828852840067
1167,67212,A,25,probe,f,0.02086295969622049
1168,67212,A,25,probe,a,0.19709479030928304
1169,67212,A,25,probe,a,0.4625039779576122
1170,67212,A,30,probe,a,0.3611683061167191
1171,67212,A,30,probe,a,0.1949909301159038
1172,67212,A,30,probe,f,0.02028314766318733
1173,67212,A,30,probe,a,0.18424850985059693
1174,67212,A,30,probe,a,0.44735090759232093
1175,70417,A,5,probe,a,0.07355704845164072
1176,70417,A,5,probe,f,0.01617935281943205
1177,70417,A,5,probe,u,0.06709986972184936
1178,70417,A,5,probe,f,0.03538928095481348
1179,70417,A,5,probe,a,0.011831316393575457
1180,70417,A,10,probe,a,0.061679170685076376
1181,70417,A,10,probe,f,0.022452904999279745
1182,70417,A,10,probe,u,0.070881052242064
1183,70417,A,10,probe,f,0.05226891194295579
1184,70417,A,10,probe,a,0.011346017956953796
1185,70417,A,10,probe,u,0.12846266705617118
1186,70417,A,15,probe,a,0.05745821243364385
1187,70417,A,15,probe,f,0.030959194167132477
1188,70417,A,15,probe,u,0.05401681822403599
1189,70417,A,15,probe,f,0.05549814548811524
1190,70417,A,15,probe,a,0.012119159627671591
1191,70417,A,15,probe,u,0.09034394417745754
1192,70417,A,20,probe,a,0.05102043313174887
1193,70417,A,20,probe,f,0.03593324800885172
1194,70417,A,20,probe,u,0.04394667214005093
1195,70417,A,20,probe,f,0.04999027850005584
1196,70417,A,20,probe,a,0.03924277300507422
1197,70417,A,20,probe,u,0.08750143218484324
1198,70417,A,25,probe,a,0.04381957721328634
1199,70417,A,25,probe,f,0.043172893472965795
1200,70417,A,25,probe,u,0.03896253116661253
1201,70417,A,25,probe,f,0.045317855992518884
1202,70417,A,25,probe,a,0.0787002232762056
1203,70417,A,25,probe,u,0.07343823312387254
1204,70417,A,30,probe,a,0.03916773215830763
1205,70417,A,30,probe,f,0.04047675088433761
1206,70417,A,30,probe,u,0.03445417967816518
1207,70417,A,30,probe,f,0.04423361288607695
1208,70417,A,30,probe,a,0.10482119555436245
1209,70417,A,30,probe,u,0.06372455109881389
1210,71122,A,5,probe,f,0.018457033474627082
1211,71122,A,5,probe,u,0.040440692019979456
1212,71122,A,5,probe,u,0.02351444686763224
1213,71122,A,5,probe,a,0.07429896086062052
1214,71122,A,5,probe,f,0.03657701490072126
1215,71122,A,5,probe,a,0.02169334916100646
1216,71122,A,10,probe,f,0.032471645439005034
1217,71122,A,10,probe,u,0.5844774173946554
1218,71122,A,10,probe,u,0.056580600183798006
1219,71122,A,10,probe,a,0.06773717410763626
1220,71122,A,10,probe,f,0.038814822329821
1221,71122,A,10,probe,a,0.01957630224536264
1222,71122,A,15,probe,f,0.04090675861105425
1223,71122,A,15,probe,u,0.5924503798750842
1224,71122,A,15,probe,u,0.05919969030655322
1225,71122,A,15,probe,a,0.05927252679089293
1226,71122,A,15,probe,f,0.03401409437862234
1227,71122,A,15,probe,a,0.02001819627976114
1228,71122,A,20,probe,f,0.04417506673650491
1229,71122,A,20,probe,u,0.4545428488736967
1230,71122,A,20,probe,u,0.06019802301485107
1231,71122,A,20,probe,a,0.048550910042483346
1232,71122,A,20,probe,f,0.028242695355403604
1233,71122,A,20,probe,a,0.03194192349704979
1234,71122,A,25,probe,f,0.04149504717047189
1235,71122,A,25,probe,u,0.370924316337467
1236,71122,A,25,probe,u,0.05523013257072535
1237,71122,A,25,probe,a,0.044348191366867636
1238,71122,A,25,probe,f,0.025504279073899534
1239,71122,A,25,probe,a,0.033253933021811066
1240,71122,A,30,probe,f,0.03668669432895593
1241,71122,A,30,probe,u,0.3128731583044584
1242,71122,A,30,probe,u,0.04928282289076777
1243,71122,A,30,probe,a,0.04191001548740496
1244,71122,A,30,probe,f,0.027856319614853332
1245,71122,A,30,probe,a,0.04032315049732204
1246,73076,A,5,probe,a,0.013584424246122122
1247,73076,A,5,probe,a,0.01515790677358989
1248,73076,A,5,probe,a,0.010814452666810255
1249,73076,A,5,probe,u,0.02259865440308794
1250,73076,A,5,probe,a,0.0170424873077937
1251,73076,A,5,probe,a,0.026730456684946523
1252,73076,A,10,probe,a,0.017096503683205436
1253,73076,A,10,probe,a,0.014788746330652861
1254,73076,A,10,probe,a,0.01953404454377751
1255,73076,A,10,probe,u,0.021294062953264768
1256,73076,A,10,probe,a,0.015489405436779041
1257,73076,A,10,probe,a,0.022493947569911767
1258,73076,A,15,probe,a,0.016738933171942128
1259,73076,A,15,probe,a,0.01411537673509414
1260,73076,A,15,probe,a,0.021456724943916664
1261,73076,A,15,probe,u,0.020287672133052992
1262,73076,A,15,probe,a,0.017966176365987848
1263,73076,A,15,probe,a,0.019709955726794855
1264,73076,A,20,probe,a,0.019468812645930814
1265,73076,A,20,probe,a,0.01542702063152725
1266,73076,A,20,probe,a,0.020054352951945947
1267,73076,A,20,probe,u,0.02726147289341315
1268,73076,A,20,probe,a,0.017644094439178123
1269,73076,A,20,probe,a,0.023137144366813505
1270,73076,A,25,probe,a,0.019245861996033765
1271,73076,A,25,probe,a,0.015619208083149582
1272,73076,A,25,probe,a,0.02438739578272506
1273,73076,A,25,probe,u,0.02872984214396456
1274,73076,A,25,probe,a,0.022037868151079745
1275,73076,A,25,probe,a,0.023099356085432798
1276,73076,A,30,probe,a,0.020775521400967813
1277,73076,A,30,probe,a,0.017314872464914317
1278,73076,A,30,probe,a,0.0230529808507183
1279,73076,A,30,probe,u,0.026107708452262474
1280,73076,A,30,probe,a,0.021465036871597905
1281,73076,A,30,probe,a,0.02959837677852366
1282,73813,A,5,probe,a,0.02887387407465962
1283,73813,A,5,probe,f,0.020398025961668897
1284,73813,A,5,probe,u,0.024459782346770424
1285,73813,A,5,probe,u,0.033168617985213165
1286,73813,A,5,probe,a,0.050075111312136614
1287,73813,A,5,probe,f,0.031214177344888294
1288,73813,A,10,probe,a,0.023966989367287715
1289,73813,A,10,probe,f,0.02524766186653336
1290,73813,A,10,probe,u,0.022431132408781168
1291,73813,A,10,probe,u,0.02673169851250496
1292,73813,A,10,probe,a,0.047581355179893835
1293,73813,A,10,probe,f,0.036594219116088206
1294,73813,A,15,probe,a,0.026443220197688855
1295,73813,A,15,probe,f,0.02232989907642974
1296,73813,A,15,probe,u,0.02468069991616759
1297,73813,A,15,probe,u,0.027716256039111764
1298,73813,A,15,probe,a,0.04241230480074406
1299,73813,A,15,probe,f,0.032519466804718844
1300,73813,A,20,probe,a,0.027597835241684035
1301,73813,A,20,probe,f,0.021971405699424292
1302,73813,A,20,probe,u,0.027141824198506123
1303,73813,A,20,probe,u,0.030601571442024706
1304,73813,A,20,probe,a,0.03579315683607825
1305,73813,A,20,probe,f,0.028699062740875712
1306,73813,A,25,probe,a,0.027174223379844417
1307,73813,A,25,probe,f,0.020625261097853866
1308,73813,A,25,probe,u,0.030000443939607106
1309,73813,A,25,probe,u,0.03241931676713056
1310,73813,A,25,probe,a,0.03315279907089715
1311,73813,A,25,probe,f,0.029217480882418295
1312,73813,A,30,probe,a,0.026261147383555093
1313,73813,A,30,probe,f,0.020263176235819816
1314,73813,A,30,probe,u,0.030459120852171936
1315,73813,A,30,probe,u,0.03293943286040265
1316,73813,A,30,probe,a,0.0335164927526967
1317,73813,A,30,probe,f,0.02937203583206122
1318,74281,A,5,probe,a,0.07582004464040615
1319,74281,A,5,probe,a,0.02207774239717298
1320,74281,A,5,probe,f,0.04945865305306068
1321,74281,A,5,probe,a,0.07122896299661005
1322,74281,A,5,probe,a,0.04266602689572964
1323,74281,A,5,probe,a,0.10349007807628058
1324,74281,A,10,probe,a,0.06215493301083253
1325,74281,A,10,probe,a,0.038142430584316864
1326,74281,A,10,probe,f,0.07003258477576302
1327,74281,A,10,probe,a,0.05804022489063873
1328,74281,A,10,probe,a,0.03156136842361762
1329,74281,A,10,probe,a,0.0800863591852584
1330,74281,A,15,probe,a,0.05941003220057923
1331,74281,A,15,probe,a,0.040430929679516704
1332,74281,A,15,probe,f,0.0633513378833888
1333,74281,A,15,probe,a,0.05693832950080091
1334,74281,A,15,probe,a,0.030767071319268785
1335,74281,A,15,probe,a,0.11787246846865924
1336,74281,A,20,probe,a,0.05197013548568656
1337,74281,A,20,probe,a,0.03939183822626011
1338,74281,A,20,probe,f,0.07748706918977066
1339,74281,A,20,probe,a,0.06360474831715075
1340,74281,A,20,probe,a,0.02640571580583866
1341,74281,A,20,probe,a,0.11426019643604218
1342,74281,A,25,probe,a,0.04586892713979297
1343,74281,A,25,probe,a,0.046397589349315184
1344,74281,A,25,probe,f,0.0783805336497023
1345,74281,A,25,probe,a,0.0782394710400009
1346,74281,A,25,probe,a,0.025940209046641294
1347,74281,A,25,probe,a,0.10783668747529059
1348,74281,A,30,probe,a,0.04392071304086198
1349,74281,A,30,probe,a,0.0549169013736182
1350,74281,A,30,probe,f,0.08104088903856708
1351,74281,A,30,probe,a,0.10949537336255258
1352,74281,A,30,probe,a,0.028242539288730238
1353,74281,A,30,probe,a,0.10176399334851326
1354,75795,B,5,probe,a,0.010385684469454825
1355,75795,B,5,probe,a,0.018245328259696693
1356,75795,B,5,probe,a,0.009869851282678888
1357,75795,B,5,probe,a,0.01630543712380179
1358,75795,B,5,probe,a,0.013784455149075546
1359,75795,B,5,probe,a,0.013186136999725281
1360,75795,B,10,probe,a,0.012709231501400308
1361,75795,B,10,probe,a,0.01372418090731291
1362,75795,B,10,probe,a,0.014509430233723336
1363,75795,B,10,probe,a,0.017042962672055257
1364,75795,B,10,probe,a,0.016014364471901354
1365,75795,B,10,probe,a,0.016035988069709725
1366,75795,B,15,probe,a,0.015264874162605262
1367,75795,B,15,probe,a,0.014706928122573952
1368,75795,B,15,probe,a,0.0169479099210332
1369,75795,B,15,probe,a,0.018031624337042404
1370,75795,B,15,probe,a,0.01482350406992022
1371,75795,B,15,probe,a,0.014818614866605809
1372,75795,B,20,probe,a,0.0157876281096124
1373,75795,B,20,probe,a,0.015192559544499471
1374,75795,B,20,probe,a,0.01626267312278859
1375,75795,B,20,probe,a,0.017425374320499402
1376,75795,B,20,probe,a,0.015272399724752054
1377,75795,B,20,probe,a,0.01381602284405011
1378,75795,B,25,probe,a,0.01551907873316637
1379,75795,B,25,probe,a,0.015840349805921607
1380,75795,B,25,probe,a,0.01529726720752542
1381,75795,B,25,probe,a,0.01690737118327677
1382,75795,B,25,probe,a,0.0144747566837597
1383,75795,B,25,probe,a,0.01303584090843649
1384,75795,B,30,probe,a,0.014733228659544621
1385,75795,B,30,probe,a,0.014956979859074028
1386,75795,B,30,probe,a,0.015791677958581763
1387,75795,B,30,probe,a,0.016900151626017438
1388,75795,B,30,probe,a,0.014137401942107428
1389,75795,B,30,probe,a,0.013469646842440154
1390,77777,A,5,probe,a,0.07803335158356088
1391,77777,A,5,probe,f,0.058420356593104836
1392,77777,A,5,probe,a,0.04040600363406237
1393,77777,A,5,probe,u,0.05726466685142301
1394,77777,A,5,probe,u,0.06705559159051273
1395,77777,A,5,probe,u,0.09485119677514513
1396,77777,A,10,probe,a,0.06714774255764464
1397,77777,A,10,probe,f,0.059087750116764676
1398,77777,A,10,probe,a,0.04917554781236525
1399,77777,A,10,probe,u,0.052539053006673775
1400,77777,A,10,probe,u,0.06401073929778076
1401,77777,A,10,probe,u,0.08369022316183267
1402,77777,A,15,probe,a,0.062321507600064475
1403,77777,A,15,probe,f,0.074806477797411
1404,77777,A,15,probe,a,0.07171067060716693
1405,77777,A,15,probe,u,0.05478517167494484
1406,77777,A,15,probe,u,0.06606720660152803
1407,77777,A,15,probe,u,0.07614045118063031
1408,77777,A,20,probe,a,0.05994944604134308
1409,77777,A,20,probe,f,0.07633888608956982
1410,77777,A,20,probe,a,0.08057490949988093
1411,77777,A,20,probe,u,0.049245098258658485
1412,77777,A,20,probe,u,0.06890662516744299
1413,77777,A,20,probe,u,0.0840320466721385
1414,77777,A,25,probe,a,0.05475633367625618
1415,77777,A,25,probe,f,0.06937781482481196
1416,77777,A,25,probe,a,0.07815766871132042
1417,77777,A,25,probe,u,0.04210710860827857
1418,77777,A,25,probe,u,0.06314922201105286
1419,77777,A,25,probe,u,0.07463515394582723
1420,77777,A,30,probe,a,0.05680263810336251
1421,77777,A,30,probe,f,0.06269892156226028
1422,77777,A,30,probe,a,0.07224235364141211
1423,77777,A,30,probe,u,0.041196575943615046
1424,77777,A,30,probe,u,0.0695531856603117
1425,77777,A,30,probe,u,0.06631417255856208
1426,78621,B,5,probe,f,0.017048840600266
1427,78621,B,5,probe,a,0.011057692240499606
1428,78621,B,5,probe,u,0.017579442741420412
1429,78621,B,5,probe,a,0.02323815126923599
1430,78621,B,5,probe,a,0.02216184535465461
1431,78621,B,5,probe,f,0.014370198026558914
1432,78621,B,10,probe,f,0.022344118880256312
1433,78621,B,10,probe,a,0.015438850432696181
1434,78621,B,10,probe,u,0.01427703468056979
1435,78621,B,10,probe,a,0.021058058283971868
1436,78621,B,10,probe,a,0.019039992577964827
1437,78621,B,10,probe,f,0.014427768750076645
1438,78621,B,15,probe,f,0.019220640642360117
1439,78621,B,15,probe,a,0.02150293850950617
1440,78621,B,15,probe,u,0.012134497851426822
1441,78621,B,15,probe,a,0.05115593060476747
1442,78621,B,15,probe,a,0.016589443967509845
1443,78621,B,15,probe,f,0.01493713413462289
1444,78621,B,20,probe,f,0.019314733861543865
1445,78621,B,20,probe,a,0.026043288830954695
1446,78621,B,20,probe,u,0.015487928958056453
1447,78621,B,20,probe,a,0.052860721289431284
1448,78621,B,20,probe,a,0.014306803969498698
1449,78621,B,20,probe,f,0.01501909829625997
1450,78621,B,25,probe,f,0.018971772959257845
1451,78621,B,25,probe,a,0.024804646177309594
1452,78621,B,25,probe,u,0.016793929624495444
1453,78621,B,25,probe,a,0.04725538257438681
1454,78621,B,25,probe,a,0.015079807181718521
1455,78621,B,25,probe,f,0.014228884840019572
1456,78621,B,30,probe,f,0.025847887865447262
1457,78621,B,30,probe,a,0.023785533769376525
1458,78621,B,30,probe,u,0.017294367734887052
1459,78621,B,30,probe,a,0.04167796596970904
1460,78621,B,30,probe,a,0.014206151358015484
1461,78621,B,30,probe,f,0.015227635032375522
1462,78652,A,5,probe,f,0.01951017680333424
1463,78652,A,5,probe,a,0.01745873484085091
1464,78652,A,5,probe,a,0.016452539251455307
1465,78652,A,5,probe,a,0.016872053721976952
1466,78652,A,5,probe,a,0.013521591317189096
1467,78652,A,5,probe,a,0.015179633518123525
1468,78652,A,10,probe,f,0.021456177862589212
1469,78652,A,10,probe,a,0.018744061690801048
1470,78652,A,10,probe,a,0.013499195378929475
1471,78652,A,10,probe,a,0.015927325167930904
1472,78652,A,10,probe,a,0.013384211125037213
1473,78652,A,10,probe,a,0.017567759683189625
1474,78652,A,15,probe,f,0.02033167646450875
1475,78652,A,15,probe,a,0.017018982603312117
1476,78652,A,15,probe,a,0.014516462148032124
1477,78652,A,15,probe,a,0.015791844631096806
1478,78652,A,15,probe,a,0.014479437742407938
1479,78652,A,15,probe,a,0.015432404785027904
1480,78652,A,20,probe,f,0.020076930436494216
1481,78652,A,20,probe,a,0.017065471740016484
1482,78652,A,20,probe,a,0.013673741285377534
1483,78652,A,20,probe,a,0.015872133975826916
1484,78652,A,20,probe,a,0.014662829612309457
1485,78652,A,20,probe,a,0.016060614768051484
1486,78652,A,25,probe,f,0.02073004459704064
1487,78652,A,25,probe,a,0.016705743379853855
1488,78652,A,25,probe,a,0.014439702449752647
1489,78652,A,25,probe,a,0.01643585460314601
1490,78652,A,25,probe,a,0.014295275822984649
1491,78652,A,25,probe,a,0.016911030621783736
1492,78652,A,30,probe,f,0.01911056715040545
1493,78652,A,30,probe,a,0.017644400006851645
1494,78652,A,30,probe,a,0.014416503624302208
1495,78652,A,30,probe,a,0.016775371045227246
1496,78652,A,30,probe,a,0.013778764234759289
1497,78652,A,30,probe,a,0.016798838461287147
1498,78992,B,5,probe,f,0.05050461475651608
1499,78992,B,5,probe,f,0.011725964297695136
1500,78992,B,5,probe,f,0.01354215830041276
1501,78992,B,5,probe,a,0.016057523948160287
1502,78992,B,5,probe,f,0.02536431079234934
1503,78992,B,5,probe,a,0.07304784604783761
1504,78992,B,10,probe,f,0.046972744470040996
1505,78992,B,10,probe,f,0.012902712424797602
1506,78992,B,10,probe,f,0.012469143633387492
1507,78992,B,10,probe,a,0.01562514574569802
1508,78992,B,10,probe,f,0.02344058223687978
1509,78992,B,10,probe,a,0.06197844625294158
1510,78992,B,15,probe,f,0.049031388705364706
1511,78992,B,15,probe,f,0.015915364709902877
1512,78992,B,15,probe,f,0.01245168468589403
1513,78992,B,15,probe,a,0.01712487308626069
1514,78992,B,15,probe,f,0.020849393239159145
1515,78992,B,15,probe,a,0.05226884956507104
1516,78992,B,20,probe,f,0.043817817843541634
1517,78992,B,20,probe,f,0.016155758587255844
1518,78992,B,20,probe,f,0.012754397610507225
1519,78992,B,20,probe,a,0.017630342886514487
1520,78992,B,20,probe,f,0.019478132687593182
1521,78992,B,20,probe,a,0.04587492262452691
1522,78992,B,25,probe,f,0.03754608574808943
1523,78992,B,25,probe,f,0.016446344759112146
1524,78992,B,25,probe,f,0.012614171055745456
1525,78992,B,25,probe,a,0.017830596135681744
1526,78992,B,25,probe,f,0.02044604669966659
1527,78992,B,25,probe,a,0.04116772778677786
1528,78992,B,30,probe,f,0.03278028250286416
1529,78992,B,30,probe,f,0.01687107914374299
1530,78992,B,30,probe,f,0.012048238169935836
1531,78992,B,30,probe,a,0.01734636221188336
1532,78992,B,30,probe,f,0.021505645421851093
1533,78992,B,30,probe,a,0.04531802279168263
1534,86901,B,5,probe,f,0.014668835935584571
1535,86901,B,5,probe,a,0.011811619997491078
1536,86901,B,5,probe,a,0.015937777898764736
1537,86901,B,5,probe,u,0.026720973057614686
1538,86901,B,5,probe,a,0.020760424820531392
1539,86901,B,10,probe,f,0.0144136057928357
1540,86901,B,10,probe,a,0.011289775638547467
1541,86901,B,10,probe,a,0.01678404820296388
1542,86901,B,10,probe,u,0.020958737114604976
1543,86901,B,10,probe,a,0.01993383917676027
1544,86901,B,15,probe,f,0.015765276639480363
1545,86901,B,15,probe,a,0.015799645860811857
1546,86901,B,15,probe,a,0.01741047871514035
1547,86901,B,15,probe,u,0.01921861250995255
1548,86901,B,15,probe,a,0.02057260635718981
1549,86901,B,20,probe,f,0.01665191351014232
1550,86901,B,20,probe,a,0.016118572554060014
1551,86901,B,20,probe,a,0.01690003836663318
1552,86901,B,20,probe,u,0.018524811879025268
1553,86901,B,20,probe,a,0.021221128559419353
1554,86901,B,25,probe,f,0.017875315563653738
1555,86901,B,25,probe,a,0.016512279574968907
1556,86901,B,25,probe,a,0.015770068917342495
1557,86901,B,25,probe,u,0.01862093063299203
1558,86901,B,25,probe,a,0.020812644047629395
1559,86901,B,30,probe,f,0.018541343932310883
1560,86901,B,30,probe,a,0.015949698013898762
1561,86901,B,30,probe,a,0.016951295086969274
1562,86901,B,30,probe,u,0.018016344674474296
1563,86901,B,30,probe,a,0.020117789438539004
1564,87869,B,5,probe,u,0.01922741587598806
1565,87869,B,5,probe,f,0.021806254500459026
1566,87869,B,5,probe,a,0.012670145286284924
1567,87869,B,5,probe,f,0.01589766700838515
1568,87869,B,5,probe,f,0.023503101509157406
1569,87869,B,5,probe,a,0.014995907142089381
1570,87869,B,10,probe,u,0.013110372972797267
1571,87869,B,10,probe,f,0.018009964171846384
1572,87869,B,10,probe,a,0.016922599235568263
1573,87869,B,10,probe,f,0.01372500921783473
1574,87869,B,10,probe,f,0.01871247505139513
1575,87869,B,10,probe,a,0.020576800953980092
1576,87869,B,15,probe,u,0.012291497799677446
1577,87869,B,15,probe,f,0.015626833716678088
1578,87869,B,15,probe,a,0.019612298636432463
1579,87869,B,15,probe,f,0.013734954908434654
1580,87869,B,15,probe,f,0.01705583830359818
1581,87869,B,15,probe,a,0.022568957037476717
1582,87869,B,20,probe,u,0.014511181855713524
1583,87869,B,20,probe,f,0.01646095227048162
1584,87869,B,20,probe,a,0.02937496016113083
1585,87869,B,20,probe,f,0.014007347390771934
1586,87869,B,20,probe,f,0.017047262259329864
1587,87869,B,20,probe,a,0.021878792628195212
1588,87869,B,25,probe,u,0.01602926831146584
1589,87869,B,25,probe,f,0.017668905644983947
1590,87869,B,25,probe,a,0.029312557821098564
1591,87869,B,25,probe,f,0.013293204040363252
1592,87869,B,25,probe,f,0.016047843613496916
1593,87869,B,25,probe,a,0.020578811600544276
1594,87869,B,30,probe,u,0.017214155337787914
1595,87869,B,30,probe,f,0.0175026947806477
1596,87869,B,30,probe,a,0.02895698912551115
1597,87869,B,30,probe,f,0.014554974247169424
1598,87869,B,30,probe,f,0.015198749189389248
1599,87869,B,30,probe,a,0.020200353189233577
1600,91119,A,5,probe,f,0.08304920241727476
1601,91119,A,5,probe,a,0.4563238415251318
1602,91119,A,5,probe,f,0.01784390269309988
1603,91119,A,5,probe,a,0.03415652101382968
1604,91119,A,5,probe,u,0.019158462501976618
1605,91119,A,10,probe,f,0.07724910238766554
1606,91119,A,10,probe,a,0.2892148717082527
1607,91119,A,10,probe,f,0.022014262136064913
1608,91119,A,10,probe,u,0.024769009378819245
1609,91119,A,10,probe,a,0.037973115183773117
1610,91119,A,10,probe,u,0.023458244733849075
1611,91119,A,15,probe,f,0.06318210480293143
1612,91119,A,15,probe,a,0.21046071309921732
1613,91119,A,15,probe,f,0.02123235185397543
1614,91119,A,15,probe,u,0.0255778185586005
1615,91119,A,15,probe,a,0.041424821336851936
1616,91119,A,15,probe,u,0.021438801219677738
1617,91119,A,20,probe,f,0.0510013205741827
1618,91119,A,20,probe,a,0.16676406682582362
1619,91119,A,20,probe,f,0.019666387941760496
1620,91119,A,20,probe,u,0.027272412988761544
1621,91119,A,20,probe,a,0.04248659195601718
1622,91119,A,20,probe,u,0.022816747097470357
1623,91119,A,25,probe,f,0.04835626172815465
1624,91119,A,25,probe,a,0.1530486366699213
1625,91119,A,25,probe,f,0.019046589805046414
1626,91119,A,25,probe,u,0.032447086711808
1627,91119,A,25,probe,a,0.044985351284104295
1628,91119,A,25,probe,u,0.023220922535939967
1629,91119,A,30,probe,f,0.05253961756642955
1630,91119,A,30,probe,a,0.1407739590795116
1631,91119,A,30,probe,f,0.019444754062503188
1632,91119,A,30,probe,u,0.03609464506080631
1633,91119,A,30,probe,a,0.04650805014222771
1634,91119,A,30,probe,u,0.02283249049060601
1635,92839,A,5,probe,u,0.05130377437789794
1636,92839,A,5,probe,u,0.025910109440828836
1637,92839,A,5,probe,u,0.03215814892659557
1638,92839,A,5,probe,a,0.041381494650875414
1639,92839,A,5,probe,a,0.02870073197043589
1640,92839,A,5,probe,a,0.044764188765364026
1641,92839,A,10,probe,u,0.05613367810592061
1642,92839,A,10,probe,u,0.04045229866077743
1643,92839,A,10,probe,u,0.023196423829893828
1644,92839,A,10,probe,a,0.03926499066041024
1645,92839,A,10,probe,a,0.030851773109651058
1646,92839,A,10,probe,a,0.03534390816372183
1647,92839,A,15,probe,u,0.05984319530269824
1648,92839,A,15,probe,u,0.046055551759278855
1649,92839,A,15,probe,u,0.020561622075959112
1650,92839,A,15,probe,a,0.03489994782915879
1651,92839,A,15,probe,a,0.027726559018893197
1652,92839,A,15,probe,a,0.028678853185477412
1653,92839,A,20,probe,u,0.051251244127447367
1654,92839,A,20,probe,u,0.04900950897977219
1655,92839,A,20,probe,u,0.024543549240129952
1656,92839,A,20,probe,a,0.03236036929595517
1657,92839,A,20,probe,a,0.02833870730788698
1658,92839,A,20,probe,a,0.031318240702724716
1659,92839,A,25,probe,u,0.04621834293897768
1660,92839,A,25,probe,u,0.04767370489121528
1661,92839,A,25,probe,u,0.02880361663594156
1662,92839,A,25,probe,a,0.029963877424851713
1663,92839,A,25,probe,a,0.03306487312808781
1664,92839,A,25,probe,a,0.0371397684762686
1665,92839,A,30,probe,u,0.0424425561822135
1666,92839,A,30,probe,u,0.04399563733174893
1667,92839,A,30,probe,u,0.03134408303367892
1668,92839,A,30,probe,a,0.03041528885036503
1669,92839,A,30,probe,a,0.034740101544855156
1670,92839,A,30,probe,a,0.041984189787084875
1671,93892,B,5,probe,u,0.013300415183032502
1672,93892,B,5,probe,a,0.015508569938999737
1673,93892,B,5,probe,f,0.040866428967302054
1674,93892,B,5,probe,u,0.02264514214759703
1675,93892,B,5,probe,f,0.03133339398262239
1676,93892,B,5,probe,u,0.022540982046296315
1677,93892,B,10,probe,u,0.0192456856523168
1678,93892,B,10,probe,a,0.01646580723369604
1679,93892,B,10,probe,f,0.04670932241018527
1680,93892,B,10,probe,u,0.018257814074061123
1681,93892,B,10,probe,f,0.02503108949756584
1682,93892,B,10,probe,u,0.0322049573498622
1683,93892,B,15,probe,u,0.021897711448745968
1684,93892,B,15,probe,a,0.02046810565347083
1685,93892,B,15,probe,f,0.041374976558387004
1686,93892,B,15,probe,u,0.01820550563549571
1687,93892,B,15,probe,f,0.026411116430287398
1688,93892,B,15,probe,u,0.03012458779966951
1689,93892,B,20,probe,u,0.020093189567874512
1690,93892,B,20,probe,a,0.020388083493324195
1691,93892,B,20,probe,f,0.035583222768965084
1692,93892,B,20,probe,u,0.019339321852874906
1693,93892,B,20,probe,f,0.028392468834878677
1694,93892,B,20,probe,u,0.031669310866414564
1695,93892,B,25,probe,u,0.018462564674829672
1696,93892,B,25,probe,a,0.02079366431029067
1697,93892,B,25,probe,f,0.035869605682719664
1698,93892,B,25,probe,u,0.021957064177765318
1699,93892,B,25,probe,f,0.029637137517587155
1700,93892,B,25,probe,u,0.03127258747914426
1701,93892,B,30,probe,u,0.018650492702639306
1702,93892,B,30,probe,a,0.02199699544555502
1703,93892,B,30,probe,f,0.03652740026809027
1704,93892,B,30,probe,u,0.02064938434587456
1705,93892,B,30,probe,f,0.028069459302286593
1706,93892,B,30,probe,u,0.030539926756695427
1707,95112,A,5,probe,f,0.019107058533502332
1708,95112,A,5,probe,a,0.019121010017382485
1709,95112,A,5,probe,a,0.019813373941359808
1710,95112,A,10,probe,f,0.01875195456336302
1711,95112,A,10,probe,a,0.01665960802671277
1712,95112,A,10,probe,a,0.02513159333425356
1713,95112,A,10,probe,a,0.020325038527746142
1714,95112,A,10,probe,f,0.05083299160468068
1715,95112,A,10,probe,u,0.022355715192715033
1716,95112,A,15,probe,f,0.020137542263291695
1717,95112,A,15,probe,a,0.017235062768238153
1718,95112,A,15,probe,a,0.0239871130892596
1719,95112,A,15,probe,a,0.018109116227626287
1720,95112,A,15,probe,f,0.04156556419880665
1721,95112,A,15,probe,u,0.03683335882017737
1722,95112,A,20,probe,f,0.02045917048061351
1723,95112,A,20,probe,a,0.019088837161952754
1724,95112,A,20,probe,a,0.02345270950223007
1725,95112,A,20,probe,a,0.019086781012150056
1726,95112,A,20,probe,f,0.037995644507759024
1727,95112,A,20,probe,u,0.04370518092779303
1728,95112,A,25,probe,f,0.01956113607052133
1729,95112,A,25,probe,a,0.017940911914915706
1730,95112,A,25,probe,a,0.02312004676253669
1731,95112,A,25,probe,a,0.01993016060594315
1732,95112,A,25,probe,f,0.03639920918421083
1733,95112,A,25,probe,u,0.04624931524501981
1734,95112,A,30,probe,f,0.02242523354570064
1735,95112,A,30,probe,a,0.01884448089770802
1736,95112,A,30,probe,a,0.02425772327912789
1737,95112,A,30,probe,a,0.022124704049073532
1738,95112,A,30,probe,f,0.033417990491852144
1739,95112,A,30,probe,u,0.042447781469803283
1740,97077,B,5,probe,u,0.03566870506218722
1741,97077,B,5,probe,u,0.06686079814866991
1742,97077,B,5,probe,f,0.019503282016240502
1743,97077,B,5,probe,f,0.03240479982530748
1744,97077,B,5,probe,u,0.025193907887083516
1745,97077,B,5,probe,f,0.03605010014144737
1746,97077,B,10,probe,u,0.03480861429723394
1747,97077,B,10,probe,u,0.06127294099634387
1748,97077,B,10,probe,f,0.01810197456421275
1749,97077,B,10,probe,f,0.04141803849722156
1750,97077,B,10,probe,u,0.03486339517154524
1751,97077,B,10,probe,f,0.027248434719536585
1752,97077,B,15,probe,u,0.034202495731457914
1753,97077,B,15,probe,u,0.051934536224755905
1754,97077,B,15,probe,f,0.022449662620588073
1755,97077,B,15,probe,f,0.04305450456448614
1756,97077,B,15,probe,u,0.03756338134614193
1757,97077,B,15,probe,f,0.024327140800299987
1758,97077,B,20,probe,u,0.033677978358868495
1759,97077,B,20,probe,u,0.04695917559078217
1760,97077,B,20,probe,f,0.027163522331856246
1761,97077,B,20,probe,f,0.04028573570340277
1762,97077,B,20,probe,u,0.0383281073315103
1763,97077,B,20,probe,f,0.021706890775142075
1764,97077,B,25,probe,u,0.03497930540604086
1765,97077,B,25,probe,u,0.05614892269822165
1766,97077,B,25,probe,f,0.030808637122673354
1767,97077,B,25,probe,f,0.04021142193535626
1768,97077,B,25,probe,u,0.03507689903305246
1769,97077,B,25,probe,f,0.02078934238556092
1770,97077,B,30,probe,u,0.0366618905400638
1771,97077,B,30,probe,u,0.06126159636426161
1772,97077,B,30,probe,f,0.035073903197948716
1773,97077,B,30,probe,f,0.04098321929057754
1774,97077,B,30,probe,u,0.03197906161261664
1775,97077,B,30,probe,f,0.02229105582988988
1776,97645,B,5,probe,a,0.022134599430293795
1777,97645,B,5,probe,u,0.01351112925343376
1778,97645,B,5,probe,a,0.019470690130116198
1779,97645,B,5,probe,a,0.04779884272391744
1780,97645,B,5,probe,f,0.02289027508571811
1781,97645,B,5,probe,u,0.01104570407471565
1782,97645,B,10,probe,a,0.019682088571795802
1783,97645,B,10,probe,u,0.013550054586051796
1784,97645,B,10,probe,a,0.014710109901099572
1785,97645,B,10,probe,a,0.037563313208723074
1786,97645,B,10,probe,f,0.019104704288716187
1787,97645,B,10,probe,u,0.010773435539703596
1788,97645,B,15,probe,a,0.01988098705209881
1789,97645,B,15,probe,u,0.01407975496798574
1790,97645,B,15,probe,a,0.013540768692583836
1791,97645,B,15,probe,a,0.03281804630758929
1792,97645,B,15,probe,f,0.018996986841120035
1793,97645,B,15,probe,u,0.01598008700592163
1794,97645,B,20,probe,a,0.017539875839242134
1795,97645,B,20,probe,u,0.013633676876762764
1796,97645,B,20,probe,a,0.014679299373258004
1797,97645,B,20,probe,a,0.03151916339810824
1798,97645,B,20,probe,f,0.02396829719005092
1799,97645,B,20,probe,u,0.018975491901859723
1800,97645,B,25,probe,a,0.01670460707599368
1801,97645,B,25,probe,u,0.01322462942847257
1802,97645,B,25,probe,a,0.01502885247169438
1803,97645,B,25,probe,a,0.027768504475590945
1804,97645,B,25,probe,f,0.022672071357924328
1805,97645,B,25,probe,u,0.0169930643144821
1806,97645,B,30,probe,a,0.01808453901800459
1807,97645,B,30,probe,u,0.01393017195869611
1808,97645,B,30,probe,a,0.016964026638883092
1809,97645,B,30,probe,a,0.026144446289560624
1810,97645,B,30,probe,f,0.020836160388095493
1811,97645,B,30,probe,u,0.015521052987158574
